"GEO_ID","NAME","B19113_001E","B19113_001M",
"Geography","Geographic Area Name","Estimate!!Median family income in the past 12 months (in 2023 inflation-adjusted dollars)","Margin of Error!!Median family income in the past 12 months (in 2023 inflation-adjusted dollars)",
"1400000US41001950100","Census Tract 9501; Baker County; Oregon","83017","15433",
"1400000US41001950200","Census Tract 9502; Baker County; Oregon","76071","24749",
"1400000US41001950300","Census Tract 9503; Baker County; Oregon","58726","7007",
"1400000US41001950400","Census Tract 9504; Baker County; Oregon","88692","4994",
"1400000US41001950500","Census Tract 9505; Baker County; Oregon","102917","32559",
"1400000US41001950600","Census Tract 9506; Baker County; Oregon","57813","22785",
"1400000US41003000101","Census Tract 1.01; Benton County; Oregon","59438","34417",
"1400000US41003000102","Census Tract 1.02; Benton County; Oregon","107558","15183",
"1400000US41003000202","Census Tract 2.02; Benton County; Oregon","141597","36008",
"1400000US41003000401","Census Tract 4.01; Benton County; Oregon","131162","4166",
"1400000US41003000402","Census Tract 4.02; Benton County; Oregon","148561","37690",
"1400000US41003000500","Census Tract 5; Benton County; Oregon","138438","36632",
"1400000US41003000600","Census Tract 6; Benton County; Oregon","87000","38622",
"1400000US41003000900","Census Tract 9; Benton County; Oregon","129063","21480",
"1400000US41003001001","Census Tract 10.01; Benton County; Oregon","52985","13390",
"1400000US41003001002","Census Tract 10.02; Benton County; Oregon","106563","27225",
"1400000US41003001101","Census Tract 11.01; Benton County; Oregon","-","**",
"1400000US41003001102","Census Tract 11.02; Benton County; Oregon","136250","47090",
"1400000US41003010101","Census Tract 101.01; Benton County; Oregon","131595","13423",
"1400000US41003010102","Census Tract 101.02; Benton County; Oregon","135290","12357",
"1400000US41003010200","Census Tract 102; Benton County; Oregon","119761","12550",
"1400000US41003010300","Census Tract 103; Benton County; Oregon","108182","10769",
"1400000US41003010400","Census Tract 104; Benton County; Oregon","88750","17356",
"1400000US41003010601","Census Tract 106.01; Benton County; Oregon","-","**",
"1400000US41003010602","Census Tract 106.02; Benton County; Oregon","21691","8833",
"1400000US41003010702","Census Tract 107.02; Benton County; Oregon","93295","27560",
"1400000US41003010800","Census Tract 108; Benton County; Oregon","83487","17316",
"1400000US41003010900","Census Tract 109; Benton County; Oregon","115250","10723",
"1400000US41005020101","Census Tract 201.01; Clackamas County; Oregon","171705","50049",
"1400000US41005020102","Census Tract 201.02; Clackamas County; Oregon","250,000+","***",
"1400000US41005020201","Census Tract 202.01; Clackamas County; Oregon","129645","20307",
"1400000US41005020202","Census Tract 202.02; Clackamas County; Oregon","156977","39318",
"1400000US41005020302","Census Tract 203.02; Clackamas County; Oregon","182212","43252",
"1400000US41005020303","Census Tract 203.03; Clackamas County; Oregon","150897","21036",
"1400000US41005020304","Census Tract 203.04; Clackamas County; Oregon","165238","36543",
"1400000US41005020401","Census Tract 204.01; Clackamas County; Oregon","152279","38439",
"1400000US41005020403","Census Tract 204.03; Clackamas County; Oregon","248906","73392",
"1400000US41005020404","Census Tract 204.04; Clackamas County; Oregon","196250","32810",
"1400000US41005020503","Census Tract 205.03; Clackamas County; Oregon","205341","42735",
"1400000US41005020504","Census Tract 205.04; Clackamas County; Oregon","168457","16515",
"1400000US41005020505","Census Tract 205.05; Clackamas County; Oregon","163646","45399",
"1400000US41005020506","Census Tract 205.06; Clackamas County; Oregon","167639","28032",
"1400000US41005020507","Census Tract 205.07; Clackamas County; Oregon","198347","40437",
"1400000US41005020601","Census Tract 206.01; Clackamas County; Oregon","189107","68089",
"1400000US41005020602","Census Tract 206.02; Clackamas County; Oregon","161823","18822",
"1400000US41005020700","Census Tract 207; Clackamas County; Oregon","158625","26117",
"1400000US41005020800","Census Tract 208; Clackamas County; Oregon","86078","12931",
"1400000US41005020900","Census Tract 209; Clackamas County; Oregon","100781","32247",
"1400000US41005021000","Census Tract 210; Clackamas County; Oregon","114730","7638",
"1400000US41005021100","Census Tract 211; Clackamas County; Oregon","103500","35054",
"1400000US41005021200","Census Tract 212; Clackamas County; Oregon","121289","50384",
"1400000US41005021300","Census Tract 213; Clackamas County; Oregon","80361","4906",
"1400000US41005021400","Census Tract 214; Clackamas County; Oregon","107030","20195",
"1400000US41005021500","Census Tract 215; Clackamas County; Oregon","119375","21115",
"1400000US41005021601","Census Tract 216.01; Clackamas County; Oregon","89583","7808",
"1400000US41005021602","Census Tract 216.02; Clackamas County; Oregon","74063","25555",
"1400000US41005021700","Census Tract 217; Clackamas County; Oregon","95859","23115",
"1400000US41005021801","Census Tract 218.01; Clackamas County; Oregon","125547","29388",
"1400000US41005021802","Census Tract 218.02; Clackamas County; Oregon","82992","25667",
"1400000US41005021900","Census Tract 219; Clackamas County; Oregon","66151","25358",
"1400000US41005022000","Census Tract 220; Clackamas County; Oregon","110931","13761",
"1400000US41005022101","Census Tract 221.01; Clackamas County; Oregon","99535","10774",
"1400000US41005022105","Census Tract 221.05; Clackamas County; Oregon","108524","20775",
"1400000US41005022107","Census Tract 221.07; Clackamas County; Oregon","68727","16427",
"1400000US41005022108","Census Tract 221.08; Clackamas County; Oregon","73021","24378",
"1400000US41005022109","Census Tract 221.09; Clackamas County; Oregon","115000","23015",
"1400000US41005022110","Census Tract 221.10; Clackamas County; Oregon","109702","2345",
"1400000US41005022201","Census Tract 222.01; Clackamas County; Oregon","51087","13339",
"1400000US41005022205","Census Tract 222.05; Clackamas County; Oregon","150789","24766",
"1400000US41005022206","Census Tract 222.06; Clackamas County; Oregon","116250","19461",
"1400000US41005022207","Census Tract 222.07; Clackamas County; Oregon","157794","26994",
"1400000US41005022208","Census Tract 222.08; Clackamas County; Oregon","119971","21669",
"1400000US41005022301","Census Tract 223.01; Clackamas County; Oregon","119219","21111",
"1400000US41005022302","Census Tract 223.02; Clackamas County; Oregon","106597","21530",
"1400000US41005022400","Census Tract 224; Clackamas County; Oregon","96571","26812",
"1400000US41005022501","Census Tract 225.01; Clackamas County; Oregon","96375","31729",
"1400000US41005022502","Census Tract 225.02; Clackamas County; Oregon","95313","23320",
"1400000US41005022602","Census Tract 226.02; Clackamas County; Oregon","125395","13669",
"1400000US41005022603","Census Tract 226.03; Clackamas County; Oregon","116832","8056",
"1400000US41005022605","Census Tract 226.05; Clackamas County; Oregon","98885","24173",
"1400000US41005022606","Census Tract 226.06; Clackamas County; Oregon","138913","22043",
"1400000US41005022702","Census Tract 227.02; Clackamas County; Oregon","183946","17045",
"1400000US41005022707","Census Tract 227.07; Clackamas County; Oregon","141168","12097",
"1400000US41005022708","Census Tract 227.08; Clackamas County; Oregon","139659","52542",
"1400000US41005022710","Census Tract 227.10; Clackamas County; Oregon","89205","51460",
"1400000US41005022800","Census Tract 228; Clackamas County; Oregon","94141","14206",
"1400000US41005022901","Census Tract 229.01; Clackamas County; Oregon","121296","19204",
"1400000US41005022904","Census Tract 229.04; Clackamas County; Oregon","102600","18737",
"1400000US41005022905","Census Tract 229.05; Clackamas County; Oregon","124087","18682",
"1400000US41005022906","Census Tract 229.06; Clackamas County; Oregon","128558","50769",
"1400000US41005022907","Census Tract 229.07; Clackamas County; Oregon","93341","9640",
"1400000US41005023001","Census Tract 230.01; Clackamas County; Oregon","131678","13034",
"1400000US41005023002","Census Tract 230.02; Clackamas County; Oregon","125469","24074",
"1400000US41005023100","Census Tract 231; Clackamas County; Oregon","115898","18882",
"1400000US41005023201","Census Tract 232.01; Clackamas County; Oregon","138618","17342",
"1400000US41005023202","Census Tract 232.02; Clackamas County; Oregon","112963","18127",
"1400000US41005023300","Census Tract 233; Clackamas County; Oregon","135608","30067",
"1400000US41005023401","Census Tract 234.01; Clackamas County; Oregon","122663","31351",
"1400000US41005023403","Census Tract 234.03; Clackamas County; Oregon","120844","30041",
"1400000US41005023404","Census Tract 234.04; Clackamas County; Oregon","113158","27846",
"1400000US41005023500","Census Tract 235; Clackamas County; Oregon","103176","33715",
"1400000US41005023600","Census Tract 236; Clackamas County; Oregon","111799","28418",
"1400000US41005023700","Census Tract 237; Clackamas County; Oregon","117460","18477",
"1400000US41005023800","Census Tract 238; Clackamas County; Oregon","133580","15307",
"1400000US41005023901","Census Tract 239.01; Clackamas County; Oregon","110827","7438",
"1400000US41005023902","Census Tract 239.02; Clackamas County; Oregon","89381","20514",
"1400000US41005024000","Census Tract 240; Clackamas County; Oregon","113621","27453",
"1400000US41005024100","Census Tract 241; Clackamas County; Oregon","115590","24239",
"1400000US41005024200","Census Tract 242; Clackamas County; Oregon","79231","17558",
"1400000US41005024302","Census Tract 243.02; Clackamas County; Oregon","108647","8034",
"1400000US41005024303","Census Tract 243.03; Clackamas County; Oregon","99089","9576",
"1400000US41005024304","Census Tract 243.04; Clackamas County; Oregon","104688","27597",
"1400000US41005024401","Census Tract 244.01; Clackamas County; Oregon","82093","40549",
"1400000US41005024402","Census Tract 244.02; Clackamas County; Oregon","110900","28717",
"1400000US41005980000","Census Tract 9800; Clackamas County; Oregon","-","**",
"1400000US41007950100","Census Tract 9501; Clatsop County; Oregon","71710","10302",
"1400000US41007950200","Census Tract 9502; Clatsop County; Oregon","110863","19921",
"1400000US41007950300","Census Tract 9503; Clatsop County; Oregon","91380","8230",
"1400000US41007950400","Census Tract 9504; Clatsop County; Oregon","98750","20960",
"1400000US41007950500","Census Tract 9505; Clatsop County; Oregon","81345","6767",
"1400000US41007950600","Census Tract 9506; Clatsop County; Oregon","102604","7971",
"1400000US41007950700","Census Tract 9507; Clatsop County; Oregon","101250","30754",
"1400000US41007950900","Census Tract 9509; Clatsop County; Oregon","66477","38803",
"1400000US41007951100","Census Tract 9511; Clatsop County; Oregon","94583","35144",
"1400000US41007951200","Census Tract 9512; Clatsop County; Oregon","80625","17445",
"1400000US41007951300","Census Tract 9513; Clatsop County; Oregon","96729","13877",
"1400000US41007990000","Census Tract 9900; Clatsop County; Oregon","-","**",
"1400000US41009970201","Census Tract 9702.01; Columbia County; Oregon","95408","13942",
"1400000US41009970202","Census Tract 9702.02; Columbia County; Oregon","85841","9857",
"1400000US41009970300","Census Tract 9703; Columbia County; Oregon","75484","16957",
"1400000US41009970400","Census Tract 9704; Columbia County; Oregon","106600","22663",
"1400000US41009970500","Census Tract 9705; Columbia County; Oregon","100195","10183",
"1400000US41009970600","Census Tract 9706; Columbia County; Oregon","125566","11044",
"1400000US41009970700","Census Tract 9707; Columbia County; Oregon","79561","15004",
"1400000US41009970800","Census Tract 9708; Columbia County; Oregon","88885","10706",
"1400000US41009970900","Census Tract 9709; Columbia County; Oregon","106029","16406",
"1400000US41009971000","Census Tract 9710; Columbia County; Oregon","126029","14155",
"1400000US41009971100","Census Tract 9711; Columbia County; Oregon","86071","23035",
"1400000US41011000101","Census Tract 1.01; Coos County; Oregon","69625","17842",
"1400000US41011000102","Census Tract 1.02; Coos County; Oregon","68681","32728",
"1400000US41011000103","Census Tract 1.03; Coos County; Oregon","121061","30276",
"1400000US41011000200","Census Tract 2; Coos County; Oregon","92917","6648",
"1400000US41011000300","Census Tract 3; Coos County; Oregon","58864","19655",
"1400000US41011000401","Census Tract 4.01; Coos County; Oregon","110000","28036",
"1400000US41011000402","Census Tract 4.02; Coos County; Oregon","108750","25288",
"1400000US41011000502","Census Tract 5.02; Coos County; Oregon","94403","20461",
"1400000US41011000503","Census Tract 5.03; Coos County; Oregon","81250","16850",
"1400000US41011000505","Census Tract 5.05; Coos County; Oregon","70383","10842",
"1400000US41011000506","Census Tract 5.06; Coos County; Oregon","76875","27100",
"1400000US41011000600","Census Tract 6; Coos County; Oregon","88147","5742",
"1400000US41011000701","Census Tract 7.01; Coos County; Oregon","84125","18209",
"1400000US41011000702","Census Tract 7.02; Coos County; Oregon","68911","5577",
"1400000US41011000800","Census Tract 8; Coos County; Oregon","110526","23586",
"1400000US41011000901","Census Tract 9.01; Coos County; Oregon","66383","6156",
"1400000US41011000902","Census Tract 9.02; Coos County; Oregon","72222","26182",
"1400000US41011001001","Census Tract 10.01; Coos County; Oregon","73651","34297",
"1400000US41011001002","Census Tract 10.02; Coos County; Oregon","64497","13168",
"1400000US41011001101","Census Tract 11.01; Coos County; Oregon","49940","14539",
"1400000US41011001102","Census Tract 11.02; Coos County; Oregon","67778","16702",
"1400000US41011990101","Census Tract 9901.01; Coos County; Oregon","-","**",
"1400000US41013950101","Census Tract 9501.01; Crook County; Oregon","112952","13041",
"1400000US41013950102","Census Tract 9501.02; Crook County; Oregon","78434","9263",
"1400000US41013950200","Census Tract 9502; Crook County; Oregon","91094","5467",
"1400000US41013950301","Census Tract 9503.01; Crook County; Oregon","120880","18740",
"1400000US41013950302","Census Tract 9503.02; Crook County; Oregon","56574","26317",
"1400000US41013950401","Census Tract 9504.01; Crook County; Oregon","96521","8021",
"1400000US41013950402","Census Tract 9504.02; Crook County; Oregon","84174","14302",
"1400000US41015950100","Census Tract 9501; Curry County; Oregon","63538","9839",
"1400000US41015950201","Census Tract 9502.01; Curry County; Oregon","85101","20018",
"1400000US41015950202","Census Tract 9502.02; Curry County; Oregon","70938","22723",
"1400000US41015950301","Census Tract 9503.01; Curry County; Oregon","65684","9028",
"1400000US41015950302","Census Tract 9503.02; Curry County; Oregon","73851","3249",
"1400000US41015950401","Census Tract 9504.01; Curry County; Oregon","115417","78944",
"1400000US41015950402","Census Tract 9504.02; Curry County; Oregon","61838","17836",
"1400000US41015990101","Census Tract 9901.01; Curry County; Oregon","-","**",
"1400000US41017000100","Census Tract 1; Deschutes County; Oregon","128068","37520",
"1400000US41017000201","Census Tract 2.01; Deschutes County; Oregon","64185","20071",
"1400000US41017000202","Census Tract 2.02; Deschutes County; Oregon","61587","29410",
"1400000US41017000301","Census Tract 3.01; Deschutes County; Oregon","85880","20138",
"1400000US41017000302","Census Tract 3.02; Deschutes County; Oregon","83516","37846",
"1400000US41017000401","Census Tract 4.01; Deschutes County; Oregon","89363","12428",
"1400000US41017000403","Census Tract 4.03; Deschutes County; Oregon","127238","35369",
"1400000US41017000404","Census Tract 4.04; Deschutes County; Oregon","97143","23920",
"1400000US41017000501","Census Tract 5.01; Deschutes County; Oregon","124375","41012",
"1400000US41017000502","Census Tract 5.02; Deschutes County; Oregon","102500","22718",
"1400000US41017000601","Census Tract 6.01; Deschutes County; Oregon","137784","25232",
"1400000US41017000602","Census Tract 6.02; Deschutes County; Oregon","91622","26302",
"1400000US41017000603","Census Tract 6.03; Deschutes County; Oregon","138617","7529",
"1400000US41017000701","Census Tract 7.01; Deschutes County; Oregon","78000","16275",
"1400000US41017000702","Census Tract 7.02; Deschutes County; Oregon","119050","10162",
"1400000US41017000800","Census Tract 8; Deschutes County; Oregon","94808","16027",
"1400000US41017000901","Census Tract 9.01; Deschutes County; Oregon","83245","12973",
"1400000US41017000902","Census Tract 9.02; Deschutes County; Oregon","66979","26454",
"1400000US41017001002","Census Tract 10.02; Deschutes County; Oregon","94432","25112",
"1400000US41017001003","Census Tract 10.03; Deschutes County; Oregon","102862","26144",
"1400000US41017001004","Census Tract 10.04; Deschutes County; Oregon","110727","41018",
"1400000US41017001005","Census Tract 10.05; Deschutes County; Oregon","132065","31976",
"1400000US41017001101","Census Tract 11.01; Deschutes County; Oregon","100170","13557",
"1400000US41017001102","Census Tract 11.02; Deschutes County; Oregon","164889","27805",
"1400000US41017001200","Census Tract 12; Deschutes County; Oregon","133618","25688",
"1400000US41017001301","Census Tract 13.01; Deschutes County; Oregon","171373","38945",
"1400000US41017001302","Census Tract 13.02; Deschutes County; Oregon","150676","20383",
"1400000US41017001401","Census Tract 14.01; Deschutes County; Oregon","167143","32506",
"1400000US41017001402","Census Tract 14.02; Deschutes County; Oregon","128897","52337",
"1400000US41017001501","Census Tract 15.01; Deschutes County; Oregon","84115","22148",
"1400000US41017001502","Census Tract 15.02; Deschutes County; Oregon","134375","42291",
"1400000US41017001601","Census Tract 16.01; Deschutes County; Oregon","102424","14821",
"1400000US41017001602","Census Tract 16.02; Deschutes County; Oregon","84477","16475",
"1400000US41017001701","Census Tract 17.01; Deschutes County; Oregon","99063","13663",
"1400000US41017001702","Census Tract 17.02; Deschutes County; Oregon","89222","28160",
"1400000US41017001801","Census Tract 18.01; Deschutes County; Oregon","60398","17970",
"1400000US41017001802","Census Tract 18.02; Deschutes County; Oregon","69792","52376",
"1400000US41017001901","Census Tract 19.01; Deschutes County; Oregon","104306","34629",
"1400000US41017001903","Census Tract 19.03; Deschutes County; Oregon","102917","34361",
"1400000US41017001904","Census Tract 19.04; Deschutes County; Oregon","137109","14965",
"1400000US41017002001","Census Tract 20.01; Deschutes County; Oregon","177188","109293",
"1400000US41017002002","Census Tract 20.02; Deschutes County; Oregon","100516","13768",
"1400000US41017002101","Census Tract 21.01; Deschutes County; Oregon","66797","16528",
"1400000US41017002102","Census Tract 21.02; Deschutes County; Oregon","138150","25622",
"1400000US41017002103","Census Tract 21.03; Deschutes County; Oregon","111767","26876",
"1400000US41019010000","Census Tract 100; Douglas County; Oregon","100678","16140",
"1400000US41019020000","Census Tract 200; Douglas County; Oregon","59679","16740",
"1400000US41019030000","Census Tract 300; Douglas County; Oregon","81250","17126",
"1400000US41019040000","Census Tract 400; Douglas County; Oregon","65529","11697",
"1400000US41019050001","Census Tract 500.01; Douglas County; Oregon","99167","14901",
"1400000US41019050003","Census Tract 500.03; Douglas County; Oregon","61250","16899",
"1400000US41019050004","Census Tract 500.04; Douglas County; Oregon","75625","31457",
"1400000US41019060000","Census Tract 600; Douglas County; Oregon","112225","42240",
"1400000US41019070000","Census Tract 700; Douglas County; Oregon","108902","22940",
"1400000US41019080001","Census Tract 800.01; Douglas County; Oregon","57274","10991",
"1400000US41019080002","Census Tract 800.02; Douglas County; Oregon","87924","12675",
"1400000US41019090001","Census Tract 900.01; Douglas County; Oregon","79800","29506",
"1400000US41019090002","Census Tract 900.02; Douglas County; Oregon","122656","29662",
"1400000US41019100000","Census Tract 1000; Douglas County; Oregon","80741","4585",
"1400000US41019110000","Census Tract 1100; Douglas County; Oregon","93494","5886",
"1400000US41019120001","Census Tract 1200.01; Douglas County; Oregon","60931","32874",
"1400000US41019120002","Census Tract 1200.02; Douglas County; Oregon","53813","9025",
"1400000US41019130001","Census Tract 1300.01; Douglas County; Oregon","54100","16270",
"1400000US41019130002","Census Tract 1300.02; Douglas County; Oregon","69275","27445",
"1400000US41019140000","Census Tract 1400; Douglas County; Oregon","53490","28157",
"1400000US41019150001","Census Tract 1500.01; Douglas County; Oregon","71920","16137",
"1400000US41019150002","Census Tract 1500.02; Douglas County; Oregon","91364","38949",
"1400000US41019160001","Census Tract 1600.01; Douglas County; Oregon","60363","23044",
"1400000US41019160002","Census Tract 1600.02; Douglas County; Oregon","64004","11597",
"1400000US41019170000","Census Tract 1700; Douglas County; Oregon","66786","10110",
"1400000US41019180000","Census Tract 1800; Douglas County; Oregon","73100","18034",
"1400000US41019190000","Census Tract 1900; Douglas County; Oregon","57483","7309",
"1400000US41019200000","Census Tract 2000; Douglas County; Oregon","56797","11431",
"1400000US41019210000","Census Tract 2100; Douglas County; Oregon","57675","4147",
"1400000US41019990000","Census Tract 9900; Douglas County; Oregon","-","**",
"1400000US41021960100","Census Tract 9601; Gilliam County; Oregon","77734","9637",
"1400000US41023960100","Census Tract 9601; Grant County; Oregon","53819","12146",
"1400000US41023960201","Census Tract 9602.01; Grant County; Oregon","77500","29712",
"1400000US41023960202","Census Tract 9602.02; Grant County; Oregon","85379","8162",
"1400000US41025960101","Census Tract 9601.01; Harney County; Oregon","76042","19462",
"1400000US41025960102","Census Tract 9601.02; Harney County; Oregon","53938","17974",
"1400000US41025960200","Census Tract 9602; Harney County; Oregon","63077","5552",
"1400000US41027950100","Census Tract 9501; Hood River County; Oregon","84909","17624",
"1400000US41027950201","Census Tract 9502.01; Hood River County; Oregon","122772","30264",
"1400000US41027950202","Census Tract 9502.02; Hood River County; Oregon","141731","44049",
"1400000US41027950301","Census Tract 9503.01; Hood River County; Oregon","78577","30295",
"1400000US41027950302","Census Tract 9503.02; Hood River County; Oregon","126706","23208",
"1400000US41027950400","Census Tract 9504; Hood River County; Oregon","90086","13699",
"1400000US41029000100","Census Tract 1; Jackson County; Oregon","46181","17843",
"1400000US41029000201","Census Tract 2.01; Jackson County; Oregon","67571","22636",
"1400000US41029000202","Census Tract 2.02; Jackson County; Oregon","57947","7536",
"1400000US41029000203","Census Tract 2.03; Jackson County; Oregon","60151","15269",
"1400000US41029000300","Census Tract 3; Jackson County; Oregon","97273","43978",
"1400000US41029000403","Census Tract 4.03; Jackson County; Oregon","110405","11546",
"1400000US41029000404","Census Tract 4.04; Jackson County; Oregon","97120","14907",
"1400000US41029000405","Census Tract 4.05; Jackson County; Oregon","83000","15199",
"1400000US41029000406","Census Tract 4.06; Jackson County; Oregon","102617","35681",
"1400000US41029000501","Census Tract 5.01; Jackson County; Oregon","92253","5521",
"1400000US41029000502","Census Tract 5.02; Jackson County; Oregon","43977","20927",
"1400000US41029000603","Census Tract 6.03; Jackson County; Oregon","138750","20628",
"1400000US41029000604","Census Tract 6.04; Jackson County; Oregon","81076","18768",
"1400000US41029000605","Census Tract 6.05; Jackson County; Oregon","64392","13179",
"1400000US41029000606","Census Tract 6.06; Jackson County; Oregon","123456","56211",
"1400000US41029000701","Census Tract 7.01; Jackson County; Oregon","90228","10644",
"1400000US41029000702","Census Tract 7.02; Jackson County; Oregon","94211","19049",
"1400000US41029000800","Census Tract 8; Jackson County; Oregon","55156","20569",
"1400000US41029000901","Census Tract 9.01; Jackson County; Oregon","113622","2992",
"1400000US41029000902","Census Tract 9.02; Jackson County; Oregon","102357","10546",
"1400000US41029001001","Census Tract 10.01; Jackson County; Oregon","87972","6176",
"1400000US41029001002","Census Tract 10.02; Jackson County; Oregon","79095","15235",
"1400000US41029001100","Census Tract 11; Jackson County; Oregon","92891","28938",
"1400000US41029001200","Census Tract 12; Jackson County; Oregon","107917","20375",
"1400000US41029001301","Census Tract 13.01; Jackson County; Oregon","86250","21184",
"1400000US41029001303","Census Tract 13.03; Jackson County; Oregon","66189","20459",
"1400000US41029001304","Census Tract 13.04; Jackson County; Oregon","138750","28889",
"1400000US41029001401","Census Tract 14.01; Jackson County; Oregon","84688","34445",
"1400000US41029001402","Census Tract 14.02; Jackson County; Oregon","78357","13230",
"1400000US41029001403","Census Tract 14.03; Jackson County; Oregon","74239","17971",
"1400000US41029001500","Census Tract 15; Jackson County; Oregon","147889","44350",
"1400000US41029001601","Census Tract 16.01; Jackson County; Oregon","65530","8243",
"1400000US41029001602","Census Tract 16.02; Jackson County; Oregon","85280","24395",
"1400000US41029001701","Census Tract 17.01; Jackson County; Oregon","97663","16000",
"1400000US41029001702","Census Tract 17.02; Jackson County; Oregon","91667","29818",
"1400000US41029001801","Census Tract 18.01; Jackson County; Oregon","86329","17100",
"1400000US41029001802","Census Tract 18.02; Jackson County; Oregon","97500","27552",
"1400000US41029001900","Census Tract 19; Jackson County; Oregon","98750","66099",
"1400000US41029002000","Census Tract 20; Jackson County; Oregon","110365","35235",
"1400000US41029002100","Census Tract 21; Jackson County; Oregon","132685","17404",
"1400000US41029002200","Census Tract 22; Jackson County; Oregon","111149","21707",
"1400000US41029002300","Census Tract 23; Jackson County; Oregon","129479","45414",
"1400000US41029002400","Census Tract 24; Jackson County; Oregon","92273","24283",
"1400000US41029002500","Census Tract 25; Jackson County; Oregon","125150","33057",
"1400000US41029002600","Census Tract 26; Jackson County; Oregon","74333","6359",
"1400000US41029002701","Census Tract 27.01; Jackson County; Oregon","72230","27900",
"1400000US41029002702","Census Tract 27.02; Jackson County; Oregon","63988","10392",
"1400000US41029002800","Census Tract 28; Jackson County; Oregon","73082","2991",
"1400000US41029002901","Census Tract 29.01; Jackson County; Oregon","72159","11354",
"1400000US41029002902","Census Tract 29.02; Jackson County; Oregon","83583","38157",
"1400000US41029003001","Census Tract 30.01; Jackson County; Oregon","82194","13987",
"1400000US41029003002","Census Tract 30.02; Jackson County; Oregon","81847","22858",
"1400000US41031940000","Census Tract 9400; Jefferson County; Oregon","61477","11163",
"1400000US41031960100","Census Tract 9601; Jefferson County; Oregon","127368","18535",
"1400000US41031960201","Census Tract 9602.01; Jefferson County; Oregon","53325","12647",
"1400000US41031960202","Census Tract 9602.02; Jefferson County; Oregon","79348","14733",
"1400000US41031960301","Census Tract 9603.01; Jefferson County; Oregon","76875","13158",
"1400000US41031960303","Census Tract 9603.03; Jefferson County; Oregon","68125","26051",
"1400000US41031960304","Census Tract 9603.04; Jefferson County; Oregon","88125","8397",
"1400000US41031960305","Census Tract 9603.05; Jefferson County; Oregon","76250","23658",
"1400000US41033360100","Census Tract 3601; Josephine County; Oregon","72054","27876",
"1400000US41033360300","Census Tract 3603; Josephine County; Oregon","75688","12426",
"1400000US41033360400","Census Tract 3604; Josephine County; Oregon","107137","21210",
"1400000US41033360500","Census Tract 3605; Josephine County; Oregon","69000","19519",
"1400000US41033360601","Census Tract 3606.01; Josephine County; Oregon","55469","21354",
"1400000US41033360602","Census Tract 3606.02; Josephine County; Oregon","87003","7599",
"1400000US41033360701","Census Tract 3607.01; Josephine County; Oregon","56279","9456",
"1400000US41033360703","Census Tract 3607.03; Josephine County; Oregon","50739","8723",
"1400000US41033360704","Census Tract 3607.04; Josephine County; Oregon","66100","21729",
"1400000US41033360800","Census Tract 3608; Josephine County; Oregon","72798","16993",
"1400000US41033360900","Census Tract 3609; Josephine County; Oregon","89271","34248",
"1400000US41033361000","Census Tract 3610; Josephine County; Oregon","78906","13089",
"1400000US41033361101","Census Tract 3611.01; Josephine County; Oregon","78625","16320",
"1400000US41033361102","Census Tract 3611.02; Josephine County; Oregon","62520","14023",
"1400000US41033361201","Census Tract 3612.01; Josephine County; Oregon","72726","8902",
"1400000US41033361202","Census Tract 3612.02; Josephine County; Oregon","75435","8297",
"1400000US41033361301","Census Tract 3613.01; Josephine County; Oregon","102241","16183",
"1400000US41033361302","Census Tract 3613.02; Josephine County; Oregon","87841","35158",
"1400000US41033361400","Census Tract 3614; Josephine County; Oregon","70889","21214",
"1400000US41033361500","Census Tract 3615; Josephine County; Oregon","71250","28540",
"1400000US41033361601","Census Tract 3616.01; Josephine County; Oregon","46313","16004",
"1400000US41033361602","Census Tract 3616.02; Josephine County; Oregon","74773","52941",
"1400000US41035970100","Census Tract 9701; Klamath County; Oregon","50833","19408",
"1400000US41035970201","Census Tract 9702.01; Klamath County; Oregon","68938","26734",
"1400000US41035970202","Census Tract 9702.02; Klamath County; Oregon","77857","36880",
"1400000US41035970300","Census Tract 9703; Klamath County; Oregon","79963","10780",
"1400000US41035970400","Census Tract 9704; Klamath County; Oregon","98429","28421",
"1400000US41035970500","Census Tract 9705; Klamath County; Oregon","81023","35420",
"1400000US41035970600","Census Tract 9706; Klamath County; Oregon","92625","23910",
"1400000US41035970700","Census Tract 9707; Klamath County; Oregon","71957","11585",
"1400000US41035970800","Census Tract 9708; Klamath County; Oregon","68917","5282",
"1400000US41035970901","Census Tract 9709.01; Klamath County; Oregon","133009","55331",
"1400000US41035970902","Census Tract 9709.02; Klamath County; Oregon","46097","18675",
"1400000US41035971000","Census Tract 9710; Klamath County; Oregon","117917","19550",
"1400000US41035971100","Census Tract 9711; Klamath County; Oregon","92386","19196",
"1400000US41035971200","Census Tract 9712; Klamath County; Oregon","57985","11640",
"1400000US41035971300","Census Tract 9713; Klamath County; Oregon","79545","20405",
"1400000US41035971400","Census Tract 9714; Klamath County; Oregon","81112","11484",
"1400000US41035971500","Census Tract 9715; Klamath County; Oregon","49817","5090",
"1400000US41035971600","Census Tract 9716; Klamath County; Oregon","34301","11553",
"1400000US41035971700","Census Tract 9717; Klamath County; Oregon","61458","29137",
"1400000US41035971800","Census Tract 9718; Klamath County; Oregon","57333","27348",
"1400000US41035971900","Census Tract 9719; Klamath County; Oregon","70863","22103",
"1400000US41035972000","Census Tract 9720; Klamath County; Oregon","78472","13847",
"1400000US41037960100","Census Tract 9601; Lake County; Oregon","64609","9874",
"1400000US41037960200","Census Tract 9602; Lake County; Oregon","100144","10879",
"1400000US41039000100","Census Tract 1; Lane County; Oregon","97367","18018",
"1400000US41039000200","Census Tract 2; Lane County; Oregon","108125","26393",
"1400000US41039000300","Census Tract 3; Lane County; Oregon","121146","24840",
"1400000US41039000402","Census Tract 4.02; Lane County; Oregon","100375","42954",
"1400000US41039000403","Census Tract 4.03; Lane County; Oregon","105165","15183",
"1400000US41039000404","Census Tract 4.04; Lane County; Oregon","90266","12429",
"1400000US41039000500","Census Tract 5; Lane County; Oregon","58466","8177",
"1400000US41039000702","Census Tract 7.02; Lane County; Oregon","73523","6988",
"1400000US41039000705","Census Tract 7.05; Lane County; Oregon","63438","13350",
"1400000US41039000706","Census Tract 7.06; Lane County; Oregon","87813","17222",
"1400000US41039000707","Census Tract 7.07; Lane County; Oregon","65956","13796",
"1400000US41039000708","Census Tract 7.08; Lane County; Oregon","78542","25309",
"1400000US41039000800","Census Tract 8; Lane County; Oregon","80486","17832",
"1400000US41039000902","Census Tract 9.02; Lane County; Oregon","107596","12769",
"1400000US41039000903","Census Tract 9.03; Lane County; Oregon","75114","30339",
"1400000US41039000904","Census Tract 9.04; Lane County; Oregon","81306","14543",
"1400000US41039001001","Census Tract 10.01; Lane County; Oregon","89891","27175",
"1400000US41039001002","Census Tract 10.02; Lane County; Oregon","87500","23687",
"1400000US41039001101","Census Tract 11.01; Lane County; Oregon","115885","20238",
"1400000US41039001102","Census Tract 11.02; Lane County; Oregon","90278","17136",
"1400000US41039001201","Census Tract 12.01; Lane County; Oregon","98750","27024",
"1400000US41039001202","Census Tract 12.02; Lane County; Oregon","74479","12689",
"1400000US41039001301","Census Tract 13.01; Lane County; Oregon","73214","31655",
"1400000US41039001302","Census Tract 13.02; Lane County; Oregon","67273","13708",
"1400000US41039001400","Census Tract 14; Lane County; Oregon","102530","10583",
"1400000US41039001500","Census Tract 15; Lane County; Oregon","70440","3541",
"1400000US41039001600","Census Tract 16; Lane County; Oregon","95670","17941",
"1400000US41039001700","Census Tract 17; Lane County; Oregon","114716","11662",
"1400000US41039001801","Census Tract 18.01; Lane County; Oregon","93842","10975",
"1400000US41039001803","Census Tract 18.03; Lane County; Oregon","58542","9759",
"1400000US41039001804","Census Tract 18.04; Lane County; Oregon","120125","10759",
"1400000US41039001902","Census Tract 19.02; Lane County; Oregon","67195","20460",
"1400000US41039001903","Census Tract 19.03; Lane County; Oregon","82554","18250",
"1400000US41039001904","Census Tract 19.04; Lane County; Oregon","57500","13437",
"1400000US41039002001","Census Tract 20.01; Lane County; Oregon","96314","9899",
"1400000US41039002002","Census Tract 20.02; Lane County; Oregon","89674","14087",
"1400000US41039002101","Census Tract 21.01; Lane County; Oregon","80912","36313",
"1400000US41039002103","Census Tract 21.03; Lane County; Oregon","66037","8061",
"1400000US41039002104","Census Tract 21.04; Lane County; Oregon","72396","25622",
"1400000US41039002201","Census Tract 22.01; Lane County; Oregon","126574","25514",
"1400000US41039002203","Census Tract 22.03; Lane County; Oregon","144875","35982",
"1400000US41039002204","Census Tract 22.04; Lane County; Oregon","174125","82915",
"1400000US41039002301","Census Tract 23.01; Lane County; Oregon","75625","15772",
"1400000US41039002302","Census Tract 23.02; Lane County; Oregon","112132","15805",
"1400000US41039002401","Census Tract 24.01; Lane County; Oregon","121516","9360",
"1400000US41039002403","Census Tract 24.03; Lane County; Oregon","86591","16278",
"1400000US41039002404","Census Tract 24.04; Lane County; Oregon","89981","11704",
"1400000US41039002501","Census Tract 25.01; Lane County; Oregon","81300","9612",
"1400000US41039002504","Census Tract 25.04; Lane County; Oregon","64728","13304",
"1400000US41039002505","Census Tract 25.05; Lane County; Oregon","74522","11770",
"1400000US41039002506","Census Tract 25.06; Lane County; Oregon","88646","27287",
"1400000US41039002600","Census Tract 26; Lane County; Oregon","72418","5711",
"1400000US41039002700","Census Tract 27; Lane County; Oregon","62517","7676",
"1400000US41039002800","Census Tract 28; Lane County; Oregon","92575","21827",
"1400000US41039002902","Census Tract 29.02; Lane County; Oregon","72941","22897",
"1400000US41039002903","Census Tract 29.03; Lane County; Oregon","121307","17069",
"1400000US41039002904","Census Tract 29.04; Lane County; Oregon","112333","39639",
"1400000US41039003000","Census Tract 30; Lane County; Oregon","105958","29142",
"1400000US41039003101","Census Tract 31.01; Lane County; Oregon","104052","41070",
"1400000US41039003103","Census Tract 31.03; Lane County; Oregon","121786","21348",
"1400000US41039003104","Census Tract 31.04; Lane County; Oregon","77083","29652",
"1400000US41039003201","Census Tract 32.01; Lane County; Oregon","59750","31671",
"1400000US41039003202","Census Tract 32.02; Lane County; Oregon","81146","26092",
"1400000US41039003301","Census Tract 33.01; Lane County; Oregon","85139","12214",
"1400000US41039003302","Census Tract 33.02; Lane County; Oregon","75205","23401",
"1400000US41039003400","Census Tract 34; Lane County; Oregon","61630","13711",
"1400000US41039003500","Census Tract 35; Lane County; Oregon","91811","7386",
"1400000US41039003600","Census Tract 36; Lane County; Oregon","102891","20372",
"1400000US41039003700","Census Tract 37; Lane County; Oregon","70430","16974",
"1400000US41039003801","Census Tract 38.01; Lane County; Oregon","50500","34205",
"1400000US41039003802","Census Tract 38.02; Lane County; Oregon","196923","105675",
"1400000US41039003900","Census Tract 39; Lane County; Oregon","68065","43340",
"1400000US41039004000","Census Tract 40; Lane County; Oregon","56851","18735",
"1400000US41039004100","Census Tract 41; Lane County; Oregon","83585","6216",
"1400000US41039004200","Census Tract 42; Lane County; Oregon","45826","8642",
"1400000US41039004300","Census Tract 43; Lane County; Oregon","53786","11959",
"1400000US41039004403","Census Tract 44.03; Lane County; Oregon","51481","12857",
"1400000US41039004404","Census Tract 44.04; Lane County; Oregon","107065","17804",
"1400000US41039004405","Census Tract 44.05; Lane County; Oregon","142031","16958",
"1400000US41039004406","Census Tract 44.06; Lane County; Oregon","87188","23708",
"1400000US41039004407","Census Tract 44.07; Lane County; Oregon","64117","8600",
"1400000US41039004501","Census Tract 45.01; Lane County; Oregon","81285","23626",
"1400000US41039004502","Census Tract 45.02; Lane County; Oregon","42768","38576",
"1400000US41039004600","Census Tract 46; Lane County; Oregon","114125","22652",
"1400000US41039004700","Census Tract 47; Lane County; Oregon","125641","11230",
"1400000US41039004800","Census Tract 48; Lane County; Oregon","46484","29384",
"1400000US41039004900","Census Tract 49; Lane County; Oregon","138456","12906",
"1400000US41039005000","Census Tract 50; Lane County; Oregon","114644","17872",
"1400000US41039005100","Census Tract 51; Lane County; Oregon","72778","32410",
"1400000US41039005200","Census Tract 52; Lane County; Oregon","137031","36294",
"1400000US41039005300","Census Tract 53; Lane County; Oregon","116042","17806",
"1400000US41039005400","Census Tract 54; Lane County; Oregon","117232","37681",
"1400000US41039990000","Census Tract 9900; Lane County; Oregon","-","**",
"1400000US41041950100","Census Tract 9501; Lincoln County; Oregon","59246","11768",
"1400000US41041950303","Census Tract 9503.03; Lincoln County; Oregon","75417","31105",
"1400000US41041950304","Census Tract 9503.04; Lincoln County; Oregon","99583","23424",
"1400000US41041950401","Census Tract 9504.01; Lincoln County; Oregon","65718","7258",
"1400000US41041950402","Census Tract 9504.02; Lincoln County; Oregon","77969","54036",
"1400000US41041950601","Census Tract 9506.01; Lincoln County; Oregon","81261","7457",
"1400000US41041950602","Census Tract 9506.02; Lincoln County; Oregon","79643","17184",
"1400000US41041950800","Census Tract 9508; Lincoln County; Oregon","63125","10270",
"1400000US41041950900","Census Tract 9509; Lincoln County; Oregon","66125","20258",
"1400000US41041951000","Census Tract 9510; Lincoln County; Oregon","94722","28725",
"1400000US41041951100","Census Tract 9511; Lincoln County; Oregon","106667","32418",
"1400000US41041951200","Census Tract 9512; Lincoln County; Oregon","83365","10852",
"1400000US41041951300","Census Tract 9513; Lincoln County; Oregon","78550","9754",
"1400000US41041951400","Census Tract 9514; Lincoln County; Oregon","72443","18542",
"1400000US41041951500","Census Tract 9515; Lincoln County; Oregon","66316","19116",
"1400000US41041951600","Census Tract 9516; Lincoln County; Oregon","78971","19206",
"1400000US41041951700","Census Tract 9517; Lincoln County; Oregon","89286","14881",
"1400000US41041951800","Census Tract 9518; Lincoln County; Oregon","91996","8098",
"1400000US41041990100","Census Tract 9901; Lincoln County; Oregon","-","**",
"1400000US41043020101","Census Tract 201.01; Linn County; Oregon","135804","17324",
"1400000US41043020102","Census Tract 201.02; Linn County; Oregon","93939","19532",
"1400000US41043020103","Census Tract 201.03; Linn County; Oregon","107522","16631",
"1400000US41043020200","Census Tract 202; Linn County; Oregon","94000","10149",
"1400000US41043020300","Census Tract 203; Linn County; Oregon","112438","7749",
"1400000US41043020400","Census Tract 204; Linn County; Oregon","65551","6221",
"1400000US41043020500","Census Tract 205; Linn County; Oregon","79828","11343",
"1400000US41043020601","Census Tract 206.01; Linn County; Oregon","109344","12796",
"1400000US41043020602","Census Tract 206.02; Linn County; Oregon","75397","13317",
"1400000US41043020700","Census Tract 207; Linn County; Oregon","78194","18979",
"1400000US41043020801","Census Tract 208.01; Linn County; Oregon","67574","25798",
"1400000US41043020802","Census Tract 208.02; Linn County; Oregon","56577","7061",
"1400000US41043030100","Census Tract 301; Linn County; Oregon","106964","20269",
"1400000US41043030201","Census Tract 302.01; Linn County; Oregon","100000","25233",
"1400000US41043030202","Census Tract 302.02; Linn County; Oregon","112434","18613",
"1400000US41043030300","Census Tract 303; Linn County; Oregon","93702","13269",
"1400000US41043030401","Census Tract 304.01; Linn County; Oregon","88000","21553",
"1400000US41043030403","Census Tract 304.03; Linn County; Oregon","68409","29639",
"1400000US41043030404","Census Tract 304.04; Linn County; Oregon","74020","9890",
"1400000US41043030500","Census Tract 305; Linn County; Oregon","102841","14282",
"1400000US41043030600","Census Tract 306; Linn County; Oregon","97667","12333",
"1400000US41043030700","Census Tract 307; Linn County; Oregon","104857","18469",
"1400000US41043030801","Census Tract 308.01; Linn County; Oregon","80588","40142",
"1400000US41043030802","Census Tract 308.02; Linn County; Oregon","70865","11140",
"1400000US41043030903","Census Tract 309.03; Linn County; Oregon","80268","23409",
"1400000US41043030904","Census Tract 309.04; Linn County; Oregon","81354","14644",
"1400000US41043030905","Census Tract 309.05; Linn County; Oregon","76104","16623",
"1400000US41043030906","Census Tract 309.06; Linn County; Oregon","97988","14723",
"1400000US41045940000","Census Tract 9400; Malheur County; Oregon","-","**",
"1400000US41045970200","Census Tract 9702; Malheur County; Oregon","72206","15588",
"1400000US41045970300","Census Tract 9703; Malheur County; Oregon","56458","29603",
"1400000US41045970400","Census Tract 9704; Malheur County; Oregon","49688","15297",
"1400000US41045970500","Census Tract 9705; Malheur County; Oregon","60896","11212",
"1400000US41045970600","Census Tract 9706; Malheur County; Oregon","72368","13171",
"1400000US41045970700","Census Tract 9707; Malheur County; Oregon","71944","11372",
"1400000US41045970900","Census Tract 9709; Malheur County; Oregon","76083","20446",
"1400000US41047000200","Census Tract 2; Marion County; Oregon","129464","22895",
"1400000US41047000300","Census Tract 3; Marion County; Oregon","62240","8167",
"1400000US41047000400","Census Tract 4; Marion County; Oregon","52254","7831",
"1400000US41047000501","Census Tract 5.01; Marion County; Oregon","70020","10703",
"1400000US41047000502","Census Tract 5.02; Marion County; Oregon","37100","8030",
"1400000US41047000600","Census Tract 6; Marion County; Oregon","85665","25117",
"1400000US41047000702","Census Tract 7.02; Marion County; Oregon","48720","4642",
"1400000US41047000703","Census Tract 7.03; Marion County; Oregon","63018","13046",
"1400000US41047000900","Census Tract 9; Marion County; Oregon","76078","17978",
"1400000US41047001000","Census Tract 10; Marion County; Oregon","71346","27302",
"1400000US41047001100","Census Tract 11; Marion County; Oregon","100461","18603",
"1400000US41047001200","Census Tract 12; Marion County; Oregon","71064","9821",
"1400000US41047001300","Census Tract 13; Marion County; Oregon","100417","34796",
"1400000US41047001401","Census Tract 14.01; Marion County; Oregon","94006","28638",
"1400000US41047001402","Census Tract 14.02; Marion County; Oregon","90141","16161",
"1400000US41047001501","Census Tract 15.01; Marion County; Oregon","94345","15680",
"1400000US41047001502","Census Tract 15.02; Marion County; Oregon","92050","12404",
"1400000US41047001503","Census Tract 15.03; Marion County; Oregon","88059","26848",
"1400000US41047001601","Census Tract 16.01; Marion County; Oregon","81154","24626",
"1400000US41047001603","Census Tract 16.03; Marion County; Oregon","104761","30083",
"1400000US41047001605","Census Tract 16.05; Marion County; Oregon","32374","9106",
"1400000US41047001606","Census Tract 16.06; Marion County; Oregon","64297","18142",
"1400000US41047001607","Census Tract 16.07; Marion County; Oregon","41875","27538",
"1400000US41047001608","Census Tract 16.08; Marion County; Oregon","100732","18338",
"1400000US41047001701","Census Tract 17.01; Marion County; Oregon","60582","7650",
"1400000US41047001702","Census Tract 17.02; Marion County; Oregon","74716","9894",
"1400000US41047001703","Census Tract 17.03; Marion County; Oregon","84162","6999",
"1400000US41047001801","Census Tract 18.01; Marion County; Oregon","52750","15948",
"1400000US41047001802","Census Tract 18.02; Marion County; Oregon","83333","12973",
"1400000US41047001803","Census Tract 18.03; Marion County; Oregon","74219","17404",
"1400000US41047002001","Census Tract 20.01; Marion County; Oregon","117078","22323",
"1400000US41047002002","Census Tract 20.02; Marion County; Oregon","123174","13594",
"1400000US41047002101","Census Tract 21.01; Marion County; Oregon","75592","23012",
"1400000US41047002102","Census Tract 21.02; Marion County; Oregon","91029","25796",
"1400000US41047002201","Census Tract 22.01; Marion County; Oregon","92500","32452",
"1400000US41047002202","Census Tract 22.02; Marion County; Oregon","112149","21562",
"1400000US41047002301","Census Tract 23.01; Marion County; Oregon","123438","19080",
"1400000US41047002303","Census Tract 23.03; Marion County; Oregon","96860","21481",
"1400000US41047002304","Census Tract 23.04; Marion County; Oregon","136875","25461",
"1400000US41047002400","Census Tract 24; Marion County; Oregon","166250","39265",
"1400000US41047002502","Census Tract 25.02; Marion County; Oregon","86765","29494",
"1400000US41047002503","Census Tract 25.03; Marion County; Oregon","80417","25493",
"1400000US41047002504","Census Tract 25.04; Marion County; Oregon","131059","18207",
"1400000US41047002600","Census Tract 26; Marion County; Oregon","104931","17081",
"1400000US41047002701","Census Tract 27.01; Marion County; Oregon","110854","10670",
"1400000US41047002702","Census Tract 27.02; Marion County; Oregon","106139","21155",
"1400000US41047002800","Census Tract 28; Marion County; Oregon","126504","18154",
"1400000US41047010100","Census Tract 101; Marion County; Oregon","111250","24458",
"1400000US41047010201","Census Tract 102.01; Marion County; Oregon","82222","18024",
"1400000US41047010202","Census Tract 102.02; Marion County; Oregon","89102","11975",
"1400000US41047010303","Census Tract 103.03; Marion County; Oregon","89010","21974",
"1400000US41047010304","Census Tract 103.04; Marion County; Oregon","98780","23612",
"1400000US41047010305","Census Tract 103.05; Marion County; Oregon","84740","26439",
"1400000US41047010307","Census Tract 103.07; Marion County; Oregon","84885","26978",
"1400000US41047010308","Census Tract 103.08; Marion County; Oregon","85880","9270",
"1400000US41047010309","Census Tract 103.09; Marion County; Oregon","70536","34501",
"1400000US41047010400","Census Tract 104; Marion County; Oregon","84428","11221",
"1400000US41047010501","Census Tract 105.01; Marion County; Oregon","120546","17332",
"1400000US41047010502","Census Tract 105.02; Marion County; Oregon","76250","16023",
"1400000US41047010503","Census Tract 105.03; Marion County; Oregon","104054","9000",
"1400000US41047010600","Census Tract 106; Marion County; Oregon","80568","24875",
"1400000US41047010701","Census Tract 107.01; Marion County; Oregon","90256","17406",
"1400000US41047010702","Census Tract 107.02; Marion County; Oregon","117781","13868",
"1400000US41047010801","Census Tract 108.01; Marion County; Oregon","125673","28620",
"1400000US41047010802","Census Tract 108.02; Marion County; Oregon","107315","10294",
"1400000US41049970101","Census Tract 9701.01; Morrow County; Oregon","74215","11003",
"1400000US41049970102","Census Tract 9701.02; Morrow County; Oregon","75946","7326",
"1400000US41049970200","Census Tract 9702; Morrow County; Oregon","97552","15613",
"1400000US41051000101","Census Tract 1.01; Multnomah County; Oregon","147596","36837",
"1400000US41051000102","Census Tract 1.02; Multnomah County; Oregon","120795","50725",
"1400000US41051000201","Census Tract 2.01; Multnomah County; Oregon","147583","55505",
"1400000US41051000202","Census Tract 2.02; Multnomah County; Oregon","156811","19008",
"1400000US41051000301","Census Tract 3.01; Multnomah County; Oregon","117065","16068",
"1400000US41051000302","Census Tract 3.02; Multnomah County; Oregon","212778","32596",
"1400000US41051000401","Census Tract 4.01; Multnomah County; Oregon","124821","36855",
"1400000US41051000402","Census Tract 4.02; Multnomah County; Oregon","127548","25136",
"1400000US41051000501","Census Tract 5.01; Multnomah County; Oregon","126250","27277",
"1400000US41051000502","Census Tract 5.02; Multnomah County; Oregon","99375","8545",
"1400000US41051000601","Census Tract 6.01; Multnomah County; Oregon","72969","6815",
"1400000US41051000602","Census Tract 6.02; Multnomah County; Oregon","79625","30001",
"1400000US41051000701","Census Tract 7.01; Multnomah County; Oregon","114659","24837",
"1400000US41051000702","Census Tract 7.02; Multnomah County; Oregon","104188","25493",
"1400000US41051000801","Census Tract 8.01; Multnomah County; Oregon","170250","43328",
"1400000US41051000802","Census Tract 8.02; Multnomah County; Oregon","127530","19187",
"1400000US41051000901","Census Tract 9.01; Multnomah County; Oregon","147361","46753",
"1400000US41051000902","Census Tract 9.02; Multnomah County; Oregon","105285","30731",
"1400000US41051001000","Census Tract 10; Multnomah County; Oregon","146865","11841",
"1400000US41051001101","Census Tract 11.01; Multnomah County; Oregon","111056","48815",
"1400000US41051001102","Census Tract 11.02; Multnomah County; Oregon","189353","18805",
"1400000US41051001202","Census Tract 12.02; Multnomah County; Oregon","189690","19033",
"1400000US41051001203","Census Tract 12.03; Multnomah County; Oregon","105083","40386",
"1400000US41051001204","Census Tract 12.04; Multnomah County; Oregon","150548","40922",
"1400000US41051001301","Census Tract 13.01; Multnomah County; Oregon","172708","52680",
"1400000US41051001302","Census Tract 13.02; Multnomah County; Oregon","170298","20627",
"1400000US41051001400","Census Tract 14; Multnomah County; Oregon","180329","30497",
"1400000US41051001500","Census Tract 15; Multnomah County; Oregon","181250","29683",
"1400000US41051001601","Census Tract 16.01; Multnomah County; Oregon","150987","14360",
"1400000US41051001602","Census Tract 16.02; Multnomah County; Oregon","105865","30908",
"1400000US41051001702","Census Tract 17.02; Multnomah County; Oregon","110064","25193",
"1400000US41051001703","Census Tract 17.03; Multnomah County; Oregon","94512","21843",
"1400000US41051001704","Census Tract 17.04; Multnomah County; Oregon","96250","69253",
"1400000US41051001801","Census Tract 18.01; Multnomah County; Oregon","153173","59166",
"1400000US41051001802","Census Tract 18.02; Multnomah County; Oregon","120227","24203",
"1400000US41051001900","Census Tract 19; Multnomah County; Oregon","214408","25120",
"1400000US41051002001","Census Tract 20.01; Multnomah County; Oregon","97242","30288",
"1400000US41051002002","Census Tract 20.02; Multnomah County; Oregon","84702","79173",
"1400000US41051002101","Census Tract 21.01; Multnomah County; Oregon","155122","142442",
"1400000US41051002102","Census Tract 21.02; Multnomah County; Oregon","127708","62741",
"1400000US41051002203","Census Tract 22.03; Multnomah County; Oregon","148710","50316",
"1400000US41051002303","Census Tract 23.03; Multnomah County; Oregon","121932","41640",
"1400000US41051002401","Census Tract 24.01; Multnomah County; Oregon","190062","44851",
"1400000US41051002402","Census Tract 24.02; Multnomah County; Oregon","147315","33548",
"1400000US41051002501","Census Tract 25.01; Multnomah County; Oregon","248995","21285",
"1400000US41051002502","Census Tract 25.02; Multnomah County; Oregon","109950","33942",
"1400000US41051002600","Census Tract 26; Multnomah County; Oregon","118421","45033",
"1400000US41051002701","Census Tract 27.01; Multnomah County; Oregon","183274","24333",
"1400000US41051002702","Census Tract 27.02; Multnomah County; Oregon","128438","56619",
"1400000US41051002801","Census Tract 28.01; Multnomah County; Oregon","175060","48924",
"1400000US41051002802","Census Tract 28.02; Multnomah County; Oregon","123375","20064",
"1400000US41051002901","Census Tract 29.01; Multnomah County; Oregon","116140","21482",
"1400000US41051002902","Census Tract 29.02; Multnomah County; Oregon","113492","16361",
"1400000US41051002903","Census Tract 29.03; Multnomah County; Oregon","96990","15953",
"1400000US41051003000","Census Tract 30; Multnomah County; Oregon","136582","21433",
"1400000US41051003100","Census Tract 31; Multnomah County; Oregon","168590","40371",
"1400000US41051003200","Census Tract 32; Multnomah County; Oregon","204667","39838",
"1400000US41051003301","Census Tract 33.01; Multnomah County; Oregon","165114","44744",
"1400000US41051003302","Census Tract 33.02; Multnomah County; Oregon","123125","74157",
"1400000US41051003401","Census Tract 34.01; Multnomah County; Oregon","136635","39370",
"1400000US41051003402","Census Tract 34.02; Multnomah County; Oregon","133506","30448",
"1400000US41051003501","Census Tract 35.01; Multnomah County; Oregon","167356","25978",
"1400000US41051003502","Census Tract 35.02; Multnomah County; Oregon","145393","32931",
"1400000US41051003601","Census Tract 36.01; Multnomah County; Oregon","140417","40035",
"1400000US41051003602","Census Tract 36.02; Multnomah County; Oregon","132179","29730",
"1400000US41051003603","Census Tract 36.03; Multnomah County; Oregon","138580","18918",
"1400000US41051003701","Census Tract 37.01; Multnomah County; Oregon","126250","27134",
"1400000US41051003702","Census Tract 37.02; Multnomah County; Oregon","221016","50099",
"1400000US41051003801","Census Tract 38.01; Multnomah County; Oregon","154432","34407",
"1400000US41051003802","Census Tract 38.02; Multnomah County; Oregon","143796","33476",
"1400000US41051003803","Census Tract 38.03; Multnomah County; Oregon","130638","15301",
"1400000US41051003902","Census Tract 39.02; Multnomah County; Oregon","171406","15424",
"1400000US41051003903","Census Tract 39.03; Multnomah County; Oregon","106382","43175",
"1400000US41051003904","Census Tract 39.04; Multnomah County; Oregon","109640","21064",
"1400000US41051004002","Census Tract 40.02; Multnomah County; Oregon","142188","27882",
"1400000US41051004003","Census Tract 40.03; Multnomah County; Oregon","94327","38750",
"1400000US41051004102","Census Tract 41.02; Multnomah County; Oregon","71705","12705",
"1400000US41051004103","Census Tract 41.03; Multnomah County; Oregon","107917","19494",
"1400000US41051004104","Census Tract 41.04; Multnomah County; Oregon","59856","49527",
"1400000US41051004200","Census Tract 42; Multnomah County; Oregon","120823","16204",
"1400000US41051004300","Census Tract 43; Multnomah County; Oregon","129583","39863",
"1400000US41051004500","Census Tract 45; Multnomah County; Oregon","181827","58230",
"1400000US41051004601","Census Tract 46.01; Multnomah County; Oregon","250,000+","***",
"1400000US41051004602","Census Tract 46.02; Multnomah County; Oregon","250,000+","***",
"1400000US41051004700","Census Tract 47; Multnomah County; Oregon","209408","51392",
"1400000US41051004800","Census Tract 48; Multnomah County; Oregon","169250","26875",
"1400000US41051004901","Census Tract 49.01; Multnomah County; Oregon","103958","100503",
"1400000US41051004902","Census Tract 49.02; Multnomah County; Oregon","-","**",
"1400000US41051005001","Census Tract 50.01; Multnomah County; Oregon","243750","32443",
"1400000US41051005002","Census Tract 50.02; Multnomah County; Oregon","102857","12372",
"1400000US41051005101","Census Tract 51.01; Multnomah County; Oregon","203687","96585",
"1400000US41051005102","Census Tract 51.02; Multnomah County; Oregon","193036","30291",
"1400000US41051005103","Census Tract 51.03; Multnomah County; Oregon","-","**",
"1400000US41051005201","Census Tract 52.01; Multnomah County; Oregon","-","**",
"1400000US41051005202","Census Tract 52.02; Multnomah County; Oregon","118083","63704",
"1400000US41051005500","Census Tract 55; Multnomah County; Oregon","118438","23958",
"1400000US41051005601","Census Tract 56.01; Multnomah County; Oregon","148780","53405",
"1400000US41051005602","Census Tract 56.02; Multnomah County; Oregon","76230","16714",
"1400000US41051005701","Census Tract 57.01; Multnomah County; Oregon","122188","75871",
"1400000US41051005702","Census Tract 57.02; Multnomah County; Oregon","167321","95182",
"1400000US41051005800","Census Tract 58; Multnomah County; Oregon","163438","71841",
"1400000US41051005901","Census Tract 59.01; Multnomah County; Oregon","-","**",
"1400000US41051005902","Census Tract 59.02; Multnomah County; Oregon","185817","43378",
"1400000US41051005903","Census Tract 59.03; Multnomah County; Oregon","111875","50195",
"1400000US41051006001","Census Tract 60.01; Multnomah County; Oregon","141667","33385",
"1400000US41051006002","Census Tract 60.02; Multnomah County; Oregon","173500","26415",
"1400000US41051006100","Census Tract 61; Multnomah County; Oregon","196250","32192",
"1400000US41051006200","Census Tract 62; Multnomah County; Oregon","170313","35724",
"1400000US41051006300","Census Tract 63; Multnomah County; Oregon","199583","45335",
"1400000US41051006402","Census Tract 64.02; Multnomah County; Oregon","183750","20340",
"1400000US41051006403","Census Tract 64.03; Multnomah County; Oregon","110909","29229",
"1400000US41051006404","Census Tract 64.04; Multnomah County; Oregon","141389","34587",
"1400000US41051006501","Census Tract 65.01; Multnomah County; Oregon","160786","33317",
"1400000US41051006502","Census Tract 65.02; Multnomah County; Oregon","155900","51363",
"1400000US41051006601","Census Tract 66.01; Multnomah County; Oregon","141250","40136",
"1400000US41051006602","Census Tract 66.02; Multnomah County; Oregon","118633","37055",
"1400000US41051006701","Census Tract 67.01; Multnomah County; Oregon","196774","23527",
"1400000US41051006702","Census Tract 67.02; Multnomah County; Oregon","116250","31407",
"1400000US41051006801","Census Tract 68.01; Multnomah County; Oregon","190139","66958",
"1400000US41051006802","Census Tract 68.02; Multnomah County; Oregon","181250","73366",
"1400000US41051006900","Census Tract 69; Multnomah County; Oregon","222750","32697",
"1400000US41051007001","Census Tract 70.01; Multnomah County; Oregon","250,000+","***",
"1400000US41051007002","Census Tract 70.02; Multnomah County; Oregon","250,000+","***",
"1400000US41051007100","Census Tract 71; Multnomah County; Oregon","117984","46004",
"1400000US41051007201","Census Tract 72.01; Multnomah County; Oregon","79340","19129",
"1400000US41051007202","Census Tract 72.02; Multnomah County; Oregon","88750","19082",
"1400000US41051007300","Census Tract 73; Multnomah County; Oregon","108203","65069",
"1400000US41051007400","Census Tract 74; Multnomah County; Oregon","69222","19134",
"1400000US41051007500","Census Tract 75; Multnomah County; Oregon","118567","21865",
"1400000US41051007600","Census Tract 76; Multnomah County; Oregon","64911","22971",
"1400000US41051007700","Census Tract 77; Multnomah County; Oregon","75149","13678",
"1400000US41051007800","Census Tract 78; Multnomah County; Oregon","122841","19714",
"1400000US41051007900","Census Tract 79; Multnomah County; Oregon","88782","21564",
"1400000US41051008001","Census Tract 80.01; Multnomah County; Oregon","86000","19753",
"1400000US41051008002","Census Tract 80.02; Multnomah County; Oregon","92833","14229",
"1400000US41051008100","Census Tract 81; Multnomah County; Oregon","48774","4878",
"1400000US41051008201","Census Tract 82.01; Multnomah County; Oregon","112422","24465",
"1400000US41051008203","Census Tract 82.03; Multnomah County; Oregon","87586","21196",
"1400000US41051008204","Census Tract 82.04; Multnomah County; Oregon","42043","15507",
"1400000US41051008301","Census Tract 83.01; Multnomah County; Oregon","80698","16389",
"1400000US41051008302","Census Tract 83.02; Multnomah County; Oregon","72705","14272",
"1400000US41051008400","Census Tract 84; Multnomah County; Oregon","76500","28254",
"1400000US41051008500","Census Tract 85; Multnomah County; Oregon","90192","25391",
"1400000US41051008600","Census Tract 86; Multnomah County; Oregon","79858","10807",
"1400000US41051008700","Census Tract 87; Multnomah County; Oregon","112969","32640",
"1400000US41051008800","Census Tract 88; Multnomah County; Oregon","74242","14945",
"1400000US41051008902","Census Tract 89.02; Multnomah County; Oregon","97828","33209",
"1400000US41051008903","Census Tract 89.03; Multnomah County; Oregon","128807","22223",
"1400000US41051008904","Census Tract 89.04; Multnomah County; Oregon","67417","31762",
"1400000US41051009001","Census Tract 90.01; Multnomah County; Oregon","72975","11632",
"1400000US41051009002","Census Tract 90.02; Multnomah County; Oregon","63970","12681",
"1400000US41051009101","Census Tract 91.01; Multnomah County; Oregon","71341","22740",
"1400000US41051009102","Census Tract 91.02; Multnomah County; Oregon","76369","18028",
"1400000US41051009202","Census Tract 92.02; Multnomah County; Oregon","42557","18054",
"1400000US41051009203","Census Tract 92.03; Multnomah County; Oregon","60551","34462",
"1400000US41051009204","Census Tract 92.04; Multnomah County; Oregon","79695","10499",
"1400000US41051009301","Census Tract 93.01; Multnomah County; Oregon","71831","15826",
"1400000US41051009302","Census Tract 93.02; Multnomah County; Oregon","96307","32801",
"1400000US41051009400","Census Tract 94; Multnomah County; Oregon","105739","21097",
"1400000US41051009501","Census Tract 95.01; Multnomah County; Oregon","77083","40946",
"1400000US41051009502","Census Tract 95.02; Multnomah County; Oregon","73410","9218",
"1400000US41051009603","Census Tract 96.03; Multnomah County; Oregon","79329","24246",
"1400000US41051009604","Census Tract 96.04; Multnomah County; Oregon","70642","14969",
"1400000US41051009605","Census Tract 96.05; Multnomah County; Oregon","73884","31071",
"1400000US41051009606","Census Tract 96.06; Multnomah County; Oregon","74773","27797",
"1400000US41051009701","Census Tract 97.01; Multnomah County; Oregon","78150","14181",
"1400000US41051009703","Census Tract 97.03; Multnomah County; Oregon","66744","31253",
"1400000US41051009704","Census Tract 97.04; Multnomah County; Oregon","53394","6955",
"1400000US41051009801","Census Tract 98.01; Multnomah County; Oregon","64888","19028",
"1400000US41051009803","Census Tract 98.03; Multnomah County; Oregon","76713","13441",
"1400000US41051009804","Census Tract 98.04; Multnomah County; Oregon","76384","26754",
"1400000US41051009903","Census Tract 99.03; Multnomah County; Oregon","136131","15954",
"1400000US41051009904","Census Tract 99.04; Multnomah County; Oregon","105197","30864",
"1400000US41051009905","Census Tract 99.05; Multnomah County; Oregon","103190","20314",
"1400000US41051009906","Census Tract 99.06; Multnomah County; Oregon","138429","19331",
"1400000US41051009907","Census Tract 99.07; Multnomah County; Oregon","103315","18284",
"1400000US41051010001","Census Tract 100.01; Multnomah County; Oregon","58676","16432",
"1400000US41051010002","Census Tract 100.02; Multnomah County; Oregon","92604","34968",
"1400000US41051010101","Census Tract 101.01; Multnomah County; Oregon","91783","8806",
"1400000US41051010102","Census Tract 101.02; Multnomah County; Oregon","94070","12235",
"1400000US41051010200","Census Tract 102; Multnomah County; Oregon","103313","37204",
"1400000US41051010303","Census Tract 103.03; Multnomah County; Oregon","75745","17145",
"1400000US41051010304","Census Tract 103.04; Multnomah County; Oregon","83342","24130",
"1400000US41051010305","Census Tract 103.05; Multnomah County; Oregon","103393","19327",
"1400000US41051010306","Census Tract 103.06; Multnomah County; Oregon","103458","3780",
"1400000US41051010402","Census Tract 104.02; Multnomah County; Oregon","116357","22848",
"1400000US41051010405","Census Tract 104.05; Multnomah County; Oregon","73676","12269",
"1400000US41051010407","Census Tract 104.07; Multnomah County; Oregon","104659","13906",
"1400000US41051010408","Census Tract 104.08; Multnomah County; Oregon","64194","30495",
"1400000US41051010410","Census Tract 104.10; Multnomah County; Oregon","48796","23890",
"1400000US41051010411","Census Tract 104.11; Multnomah County; Oregon","59750","19878",
"1400000US41051010412","Census Tract 104.12; Multnomah County; Oregon","112014","28516",
"1400000US41051010413","Census Tract 104.13; Multnomah County; Oregon","109750","34055",
"1400000US41051010500","Census Tract 105; Multnomah County; Oregon","119018","14313",
"1400000US41051010601","Census Tract 106.01; Multnomah County; Oregon","114405","76560",
"1400000US41051010602","Census Tract 106.02; Multnomah County; Oregon","167083","102992",
"1400000US41051980000","Census Tract 9800; Multnomah County; Oregon","-","**",
"1400000US41053005100","Census Tract 51; Polk County; Oregon","64800","30979",
"1400000US41053005203","Census Tract 52.03; Polk County; Oregon","93258","10827",
"1400000US41053005204","Census Tract 52.04; Polk County; Oregon","104651","17442",
"1400000US41053005205","Census Tract 52.05; Polk County; Oregon","125146","16605",
"1400000US41053005206","Census Tract 52.06; Polk County; Oregon","80842","25329",
"1400000US41053005301","Census Tract 53.01; Polk County; Oregon","129983","47059",
"1400000US41053005302","Census Tract 53.02; Polk County; Oregon","97172","25309",
"1400000US41053020202","Census Tract 202.02; Polk County; Oregon","69692","12764",
"1400000US41053020203","Census Tract 202.03; Polk County; Oregon","69844","26514",
"1400000US41053020204","Census Tract 202.04; Polk County; Oregon","105089","17875",
"1400000US41053020303","Census Tract 203.03; Polk County; Oregon","87228","17121",
"1400000US41053020304","Census Tract 203.04; Polk County; Oregon","81250","14549",
"1400000US41053020305","Census Tract 203.05; Polk County; Oregon","81579","13011",
"1400000US41053020306","Census Tract 203.06; Polk County; Oregon","140938","20833",
"1400000US41053020400","Census Tract 204; Polk County; Oregon","80587","13072",
"1400000US41053020500","Census Tract 205; Polk County; Oregon","123295","17778",
"1400000US41055950100","Census Tract 9501; Sherman County; Oregon","77500","12785",
"1400000US41057960101","Census Tract 9601.01; Tillamook County; Oregon","82702","19173",
"1400000US41057960102","Census Tract 9601.02; Tillamook County; Oregon","81964","29518",
"1400000US41057960200","Census Tract 9602; Tillamook County; Oregon","69271","9515",
"1400000US41057960300","Census Tract 9603; Tillamook County; Oregon","80192","12477",
"1400000US41057960401","Census Tract 9604.01; Tillamook County; Oregon","78482","34489",
"1400000US41057960402","Census Tract 9604.02; Tillamook County; Oregon","73112","9973",
"1400000US41057960500","Census Tract 9605; Tillamook County; Oregon","67188","14838",
"1400000US41057960600","Census Tract 9606; Tillamook County; Oregon","92841","22140",
"1400000US41057960700","Census Tract 9607; Tillamook County; Oregon","70046","22925",
"1400000US41057960800","Census Tract 9608; Tillamook County; Oregon","93864","29918",
"1400000US41057990100","Census Tract 9901; Tillamook County; Oregon","-","**",
"1400000US41059940000","Census Tract 9400; Umatilla County; Oregon","83523","13138",
"1400000US41059950100","Census Tract 9501; Umatilla County; Oregon","67321","16617",
"1400000US41059950201","Census Tract 9502.01; Umatilla County; Oregon","71100","23176",
"1400000US41059950202","Census Tract 9502.02; Umatilla County; Oregon","54150","26438",
"1400000US41059950300","Census Tract 9503; Umatilla County; Oregon","82695","16395",
"1400000US41059950400","Census Tract 9504; Umatilla County; Oregon","121902","18024",
"1400000US41059950500","Census Tract 9505; Umatilla County; Oregon","97127","24531",
"1400000US41059950601","Census Tract 9506.01; Umatilla County; Oregon","64156","15938",
"1400000US41059950602","Census Tract 9506.02; Umatilla County; Oregon","112813","20498",
"1400000US41059950700","Census Tract 9507; Umatilla County; Oregon","61981","28920",
"1400000US41059950800","Census Tract 9508; Umatilla County; Oregon","82382","9202",
"1400000US41059950900","Census Tract 9509; Umatilla County; Oregon","71719","11862",
"1400000US41059951000","Census Tract 9510; Umatilla County; Oregon","58472","8006",
"1400000US41059951100","Census Tract 9511; Umatilla County; Oregon","78185","21366",
"1400000US41059951201","Census Tract 9512.01; Umatilla County; Oregon","109432","52901",
"1400000US41059951202","Census Tract 9512.02; Umatilla County; Oregon","103750","20136",
"1400000US41059951300","Census Tract 9513; Umatilla County; Oregon","71518","16261",
"1400000US41059951400","Census Tract 9514; Umatilla County; Oregon","102500","13287",
"1400000US41061970100","Census Tract 9701; Union County; Oregon","87450","17308",
"1400000US41061970200","Census Tract 9702; Union County; Oregon","64506","14283",
"1400000US41061970300","Census Tract 9703; Union County; Oregon","89896","15171",
"1400000US41061970400","Census Tract 9704; Union County; Oregon","68556","12166",
"1400000US41061970500","Census Tract 9705; Union County; Oregon","62396","25620",
"1400000US41061970600","Census Tract 9706; Union County; Oregon","109727","14291",
"1400000US41061970700","Census Tract 9707; Union County; Oregon","46250","32732",
"1400000US41061970800","Census Tract 9708; Union County; Oregon","65000","21885",
"1400000US41063960100","Census Tract 9601; Wallowa County; Oregon","75242","8366",
"1400000US41063960200","Census Tract 9602; Wallowa County; Oregon","73913","11994",
"1400000US41063960300","Census Tract 9603; Wallowa County; Oregon","87887","13862",
"1400000US41065970100","Census Tract 9701; Wasco County; Oregon","101875","24997",
"1400000US41065970200","Census Tract 9702; Wasco County; Oregon","75893","13670",
"1400000US41065970300","Census Tract 9703; Wasco County; Oregon","95250","3498",
"1400000US41065970400","Census Tract 9704; Wasco County; Oregon","70531","12290",
"1400000US41065970500","Census Tract 9705; Wasco County; Oregon","61458","7296",
"1400000US41065970600","Census Tract 9706; Wasco County; Oregon","94583","28738",
"1400000US41065970700","Census Tract 9707; Wasco County; Oregon","115917","42002",
"1400000US41065970800","Census Tract 9708; Wasco County; Oregon","76722","7695",
"1400000US41067030103","Census Tract 301.03; Washington County; Oregon","124667","15915",
"1400000US41067030104","Census Tract 301.04; Washington County; Oregon","156130","29691",
"1400000US41067030105","Census Tract 301.05; Washington County; Oregon","100729","22138",
"1400000US41067030106","Census Tract 301.06; Washington County; Oregon","250,000+","***",
"1400000US41067030200","Census Tract 302; Washington County; Oregon","166068","46232",
"1400000US41067030300","Census Tract 303; Washington County; Oregon","201463","29068",
"1400000US41067030401","Census Tract 304.01; Washington County; Oregon","101364","52218",
"1400000US41067030402","Census Tract 304.02; Washington County; Oregon","142891","68174",
"1400000US41067030501","Census Tract 305.01; Washington County; Oregon","110081","26419",
"1400000US41067030502","Census Tract 305.02; Washington County; Oregon","145606","6649",
"1400000US41067030600","Census Tract 306; Washington County; Oregon","130699","23563",
"1400000US41067030700","Census Tract 307; Washington County; Oregon","83214","19935",
"1400000US41067030801","Census Tract 308.01; Washington County; Oregon","97308","23131",
"1400000US41067030803","Census Tract 308.03; Washington County; Oregon","123101","28275",
"1400000US41067030805","Census Tract 308.05; Washington County; Oregon","109063","23352",
"1400000US41067030806","Census Tract 308.06; Washington County; Oregon","152656","38617",
"1400000US41067030900","Census Tract 309; Washington County; Oregon","81705","3434",
"1400000US41067031005","Census Tract 310.05; Washington County; Oregon","99896","35395",
"1400000US41067031007","Census Tract 310.07; Washington County; Oregon","150815","38909",
"1400000US41067031008","Census Tract 310.08; Washington County; Oregon","127542","29671",
"1400000US41067031009","Census Tract 310.09; Washington County; Oregon","156016","24696",
"1400000US41067031010","Census Tract 310.10; Washington County; Oregon","103542","32813",
"1400000US41067031011","Census Tract 310.11; Washington County; Oregon","72211","12278",
"1400000US41067031012","Census Tract 310.12; Washington County; Oregon","147546","29860",
"1400000US41067031100","Census Tract 311; Washington County; Oregon","86806","19327",
"1400000US41067031201","Census Tract 312.01; Washington County; Oregon","85116","20802",
"1400000US41067031202","Census Tract 312.02; Washington County; Oregon","68036","7915",
"1400000US41067031301","Census Tract 313.01; Washington County; Oregon","-","**",
"1400000US41067031302","Census Tract 313.02; Washington County; Oregon","122523","17547",
"1400000US41067031402","Census Tract 314.02; Washington County; Oregon","73264","26904",
"1400000US41067031403","Census Tract 314.03; Washington County; Oregon","120000","33516",
"1400000US41067031404","Census Tract 314.04; Washington County; Oregon","135450","25171",
"1400000US41067031504","Census Tract 315.04; Washington County; Oregon","104929","40603",
"1400000US41067031506","Census Tract 315.06; Washington County; Oregon","134954","21164",
"1400000US41067031507","Census Tract 315.07; Washington County; Oregon","120476","25788",
"1400000US41067031509","Census Tract 315.09; Washington County; Oregon","179160","12075",
"1400000US41067031511","Census Tract 315.11; Washington County; Oregon","162679","15115",
"1400000US41067031514","Census Tract 315.14; Washington County; Oregon","155787","43554",
"1400000US41067031515","Census Tract 315.15; Washington County; Oregon","248571","30037",
"1400000US41067031516","Census Tract 315.16; Washington County; Oregon","219028","24052",
"1400000US41067031517","Census Tract 315.17; Washington County; Oregon","127083","60164",
"1400000US41067031518","Census Tract 315.18; Washington County; Oregon","169923","26855",
"1400000US41067031519","Census Tract 315.19; Washington County; Oregon","223170","19229",
"1400000US41067031520","Census Tract 315.20; Washington County; Oregon","179671","40395",
"1400000US41067031606","Census Tract 316.06; Washington County; Oregon","107419","15258",
"1400000US41067031612","Census Tract 316.12; Washington County; Oregon","97930","15658",
"1400000US41067031614","Census Tract 316.14; Washington County; Oregon","119926","27219",
"1400000US41067031615","Census Tract 316.15; Washington County; Oregon","120023","12367",
"1400000US41067031616","Census Tract 316.16; Washington County; Oregon","101613","9244",
"1400000US41067031617","Census Tract 316.17; Washington County; Oregon","83817","23211",
"1400000US41067031618","Census Tract 316.18; Washington County; Oregon","100990","24118",
"1400000US41067031619","Census Tract 316.19; Washington County; Oregon","92297","26124",
"1400000US41067031620","Census Tract 316.20; Washington County; Oregon","132879","40672",
"1400000US41067031621","Census Tract 316.21; Washington County; Oregon","158250","35653",
"1400000US41067031622","Census Tract 316.22; Washington County; Oregon","107714","18290",
"1400000US41067031623","Census Tract 316.23; Washington County; Oregon","107107","42228",
"1400000US41067031624","Census Tract 316.24; Washington County; Oregon","89433","10654",
"1400000US41067031625","Census Tract 316.25; Washington County; Oregon","83725","34641",
"1400000US41067031626","Census Tract 316.26; Washington County; Oregon","81775","29792",
"1400000US41067031703","Census Tract 317.03; Washington County; Oregon","83606","23855",
"1400000US41067031705","Census Tract 317.05; Washington County; Oregon","89375","42855",
"1400000US41067031706","Census Tract 317.06; Washington County; Oregon","81832","9055",
"1400000US41067031707","Census Tract 317.07; Washington County; Oregon","108818","14634",
"1400000US41067031708","Census Tract 317.08; Washington County; Oregon","107713","25252",
"1400000US41067031804","Census Tract 318.04; Washington County; Oregon","144425","50017",
"1400000US41067031806","Census Tract 318.06; Washington County; Oregon","120154","24397",
"1400000US41067031807","Census Tract 318.07; Washington County; Oregon","134219","43776",
"1400000US41067031813","Census Tract 318.13; Washington County; Oregon","165344","24141",
"1400000US41067031814","Census Tract 318.14; Washington County; Oregon","160781","31456",
"1400000US41067031816","Census Tract 318.16; Washington County; Oregon","127868","18231",
"1400000US41067031817","Census Tract 318.17; Washington County; Oregon","158906","36248",
"1400000US41067031818","Census Tract 318.18; Washington County; Oregon","98460","21892",
"1400000US41067031819","Census Tract 318.19; Washington County; Oregon","112569","11914",
"1400000US41067031820","Census Tract 318.20; Washington County; Oregon","172159","16841",
"1400000US41067031821","Census Tract 318.21; Washington County; Oregon","143250","29009",
"1400000US41067031904","Census Tract 319.04; Washington County; Oregon","156979","19183",
"1400000US41067031909","Census Tract 319.09; Washington County; Oregon","168358","13240",
"1400000US41067031911","Census Tract 319.11; Washington County; Oregon","114804","23176",
"1400000US41067031912","Census Tract 319.12; Washington County; Oregon","144327","55161",
"1400000US41067031913","Census Tract 319.13; Washington County; Oregon","156484","32278",
"1400000US41067031914","Census Tract 319.14; Washington County; Oregon","79010","25439",
"1400000US41067031915","Census Tract 319.15; Washington County; Oregon","189643","17511",
"1400000US41067031916","Census Tract 319.16; Washington County; Oregon","175333","45348",
"1400000US41067031917","Census Tract 319.17; Washington County; Oregon","159722","39524",
"1400000US41067031918","Census Tract 319.18; Washington County; Oregon","183750","50734",
"1400000US41067032001","Census Tract 320.01; Washington County; Oregon","118716","10536",
"1400000US41067032003","Census Tract 320.03; Washington County; Oregon","90625","36691",
"1400000US41067032004","Census Tract 320.04; Washington County; Oregon","121084","1675",
"1400000US41067032005","Census Tract 320.05; Washington County; Oregon","68393","6178",
"1400000US41067032104","Census Tract 321.04; Washington County; Oregon","129900","22399",
"1400000US41067032107","Census Tract 321.07; Washington County; Oregon","130917","17653",
"1400000US41067032108","Census Tract 321.08; Washington County; Oregon","126304","24205",
"1400000US41067032109","Census Tract 321.09; Washington County; Oregon","200179","35295",
"1400000US41067032110","Census Tract 321.10; Washington County; Oregon","127305","45090",
"1400000US41067032111","Census Tract 321.11; Washington County; Oregon","150347","40487",
"1400000US41067032112","Census Tract 321.12; Washington County; Oregon","111994","30568",
"1400000US41067032201","Census Tract 322.01; Washington County; Oregon","123750","49112",
"1400000US41067032202","Census Tract 322.02; Washington County; Oregon","170174","50359",
"1400000US41067032301","Census Tract 323.01; Washington County; Oregon","104063","14712",
"1400000US41067032302","Census Tract 323.02; Washington County; Oregon","172057","35684",
"1400000US41067032404","Census Tract 324.04; Washington County; Oregon","103860","16869",
"1400000US41067032407","Census Tract 324.07; Washington County; Oregon","106172","29550",
"1400000US41067032409","Census Tract 324.09; Washington County; Oregon","66645","18169",
"1400000US41067032410","Census Tract 324.10; Washington County; Oregon","80748","19392",
"1400000US41067032411","Census Tract 324.11; Washington County; Oregon","124000","16717",
"1400000US41067032412","Census Tract 324.12; Washington County; Oregon","130119","22239",
"1400000US41067032413","Census Tract 324.13; Washington County; Oregon","131080","58429",
"1400000US41067032414","Census Tract 324.14; Washington County; Oregon","206053","48852",
"1400000US41067032501","Census Tract 325.01; Washington County; Oregon","94583","36074",
"1400000US41067032502","Census Tract 325.02; Washington County; Oregon","128750","43213",
"1400000US41067032503","Census Tract 325.03; Washington County; Oregon","100294","24593",
"1400000US41067032603","Census Tract 326.03; Washington County; Oregon","142931","17568",
"1400000US41067032604","Census Tract 326.04; Washington County; Oregon","101842","23636",
"1400000US41067032606","Census Tract 326.06; Washington County; Oregon","104180","23879",
"1400000US41067032608","Census Tract 326.08; Washington County; Oregon","118272","17337",
"1400000US41067032609","Census Tract 326.09; Washington County; Oregon","167813","65221",
"1400000US41067032610","Census Tract 326.10; Washington County; Oregon","115391","10431",
"1400000US41067032611","Census Tract 326.11; Washington County; Oregon","119464","32672",
"1400000US41067032612","Census Tract 326.12; Washington County; Oregon","160672","26482",
"1400000US41067032700","Census Tract 327; Washington County; Oregon","153286","32036",
"1400000US41067032800","Census Tract 328; Washington County; Oregon","135511","10651",
"1400000US41067032901","Census Tract 329.01; Washington County; Oregon","82368","20198",
"1400000US41067032903","Census Tract 329.03; Washington County; Oregon","59583","27999",
"1400000US41067032904","Census Tract 329.04; Washington County; Oregon","100180","14642",
"1400000US41067033000","Census Tract 330; Washington County; Oregon","121250","24860",
"1400000US41067033101","Census Tract 331.01; Washington County; Oregon","107000","20572",
"1400000US41067033102","Census Tract 331.02; Washington County; Oregon","108750","26326",
"1400000US41067033201","Census Tract 332.01; Washington County; Oregon","64663","13811",
"1400000US41067033202","Census Tract 332.02; Washington County; Oregon","111250","37319",
"1400000US41067033301","Census Tract 333.01; Washington County; Oregon","111823","22840",
"1400000US41067033302","Census Tract 333.02; Washington County; Oregon","153857","22079",
"1400000US41067033400","Census Tract 334; Washington County; Oregon","117206","34337",
"1400000US41067033500","Census Tract 335; Washington County; Oregon","135294","19069",
"1400000US41067033600","Census Tract 336; Washington County; Oregon","123125","29954",
"1400000US41069960100","Census Tract 9601; Wheeler County; Oregon","60139","13631",
"1400000US41071030101","Census Tract 301.01; Yamhill County; Oregon","156012","33480",
"1400000US41071030102","Census Tract 301.02; Yamhill County; Oregon","127770","18246",
"1400000US41071030201","Census Tract 302.01; Yamhill County; Oregon","82697","29809",
"1400000US41071030202","Census Tract 302.02; Yamhill County; Oregon","74087","20690",
"1400000US41071030302","Census Tract 303.02; Yamhill County; Oregon","115729","22993",
"1400000US41071030303","Census Tract 303.03; Yamhill County; Oregon","140875","10967",
"1400000US41071030304","Census Tract 303.04; Yamhill County; Oregon","112821","11253",
"1400000US41071030400","Census Tract 304; Yamhill County; Oregon","105989","22128",
"1400000US41071030501","Census Tract 305.01; Yamhill County; Oregon","119075","23995",
"1400000US41071030502","Census Tract 305.02; Yamhill County; Oregon","73325","7213",
"1400000US41071030601","Census Tract 306.01; Yamhill County; Oregon","73810","15371",
"1400000US41071030602","Census Tract 306.02; Yamhill County; Oregon","108481","11157",
"1400000US41071030702","Census Tract 307.02; Yamhill County; Oregon","89298","11898",
"1400000US41071030703","Census Tract 307.03; Yamhill County; Oregon","75278","32017",
"1400000US41071030704","Census Tract 307.04; Yamhill County; Oregon","111750","24006",
"1400000US41071030801","Census Tract 308.01; Yamhill County; Oregon","83854","19707",
"1400000US41071030802","Census Tract 308.02; Yamhill County; Oregon","69338","20364",
"1400000US41071030900","Census Tract 309; Yamhill County; Oregon","88333","24809",
"1400000US41071031000","Census Tract 310; Yamhill County; Oregon","127799","34425",
