parameter,name,unit,count,mean,median,std,min,max,p01,p1,p5,p95,p99,p999,q1,q3,iqr,iqr_lower,iqr_upper,outliers_iqr_count,outliers_iqr_pct,has_extreme_max,has_extreme_min,has_negative,mean_median_diff_pct
a1_sea_level_rise_trend,Sea Level Rise Trend,mm/year,12563,1.1258878,1.13,1.1751723,-1.7,5.04,-1.7,-0.77,-0.14,2.67,5.04,5.04,0.0,1.95,1.95,-2.9250002,4.875,219,1.7432142004298337,False,False,True,-0.363915354013443
a2_maximum_of_maximum,Storm Surge,m,481,3.7847934,3.7131708,1.5734273,0.65596926,8.203865,0.6773936,0.8424212,1.3935485,6.603039,7.4799323,7.945418,2.5328906,4.8699164,2.337026,-0.9726484,8.375456,0,0.0,False,False,False,1.9288800954818726
a3_max_water_above_mhhw,Max Water Level,m above MHHW,12567,0.78926206,1.1017668,0.53671813,0.0,1.673,0.0,0.0,0.0,1.337733,1.673,1.673,0.0,1.147,1.147,-1.7205,2.8674998,0,0.0,False,False,False,-28.363967895507812
a4_annual_high_tide_flood_days,High Tide Flood Days,days/year,12566,2.31942,0.56,3.2074718,0.0,11.88,0.0,0.0,0.0,7.28,11.88,11.88,0.0,3.4,3.4,-5.1000004,8.5,596,4.742957186057615,False,False,False,314.1821594238281
a5_100yr_flood_data,100-Year Flood Hazard,% coverage,345378,4.290729,0.0,15.207466,0.0,100.0,0.0,0.0,0.0,25.217253,99.67528,100.0,0.0,0.0035543272,0.0035543272,-0.0053314907,0.008885818,85638,24.79544151625176,False,False,False,0.0
a6_coastal_erosion_rate,Coastal Erosion Rate,m/year,7225,0.11116874,0.0,1.5402759,-4.6323,17.5882,-3.3153,-1.4253,-1.0252,1.46,5.46,17.5882,-0.35,0.0,0.35,-0.875,0.525,938,12.982698961937716,False,False,True,0.0
a7_vertical_land_motion,Vertical Land Motion,mm/year,63657,-0.26081675,-0.22636528,1.7047029,-10.726381,11.325492,-6.627086,-5.634776,-2.8898954,2.4047022,4.116102,8.448704,-1.1607143,0.65839875,1.819113,-3.8893838,3.3870683,3143,4.9373988720800535,False,False,True,15.219413757324219
a8_post_wildfire_debris_flow,Post Wildfire Debris Flow,probability,340758,0.016450724,0.0,0.07224578,0.0,0.8658969,0.0,0.0,0.0,0.12826481,0.4095527,0.66812176,0.0,0.0,0.0,0.0,0.0,25670,7.533205383292542,False,False,False,0.0
a9_max_precipitation,Max Precipitation,mm/day,316510,89.3573,95.59827,49.97544,0.0,269.43793,0.0,0.0,0.0,164.79779,200.64275,239.22308,68.07134,120.48106,52.409714,-10.543228,199.09563,3356,1.0603140501090014,False,False,False,-6.528326034545898
a10_t95_threshold,95th Percentile Temp Threshold,°C,313870,27.346947,30.04496,11.417915,0.0,45.61787,0.0,0.0,0.0,39.713398,44.11326,44.871998,25.272938,34.270752,8.997814,11.7762165,47.76747,39279,12.514416796762992,False,False,False,-8.97991943359375
a11_t95_avg,Avg Extreme Temp,°C,313870,29.105257,32.256073,11.912769,0.0,47.103886,0.0,0.0,0.0,41.151863,45.431408,46.345062,27.628658,36.019073,8.390415,15.0430355,48.6047,39281,12.515054003249753,False,False,False,-9.768133163452148
a12_t5_threshold,5th Percentile Temp Threshold,°C,313870,-0.78760755,-0.3783872,3.0575342,-22.650099,9.954308,-12.218211,-9.065701,-6.4503665,3.932452,6.5589213,7.9665728,-2.2185152,0.9592734,3.1777885,-6.985198,5.725956,17348,5.527129066173893,False,False,True,108.1485595703125
a13_t5_avg,Avg Extreme Cold,°C,313870,-2.286163,-1.8753662,3.503013,-25.831522,8.727783,-15.99998,-12.067355,-8.881205,2.5500298,5.3063903,6.869699,-4.171571,0.0,4.171571,-10.428926,6.257356,7588,2.417561410775162,False,False,True,21.904888153076172
a14_wind_95_threshold,95th Percentile Wind Threshold,m/s,337279,3.6867223,3.4074726,2.2528856,0.0,12.936356,0.0,0.0,0.0,8.157933,10.684586,12.058808,2.6424,4.3914433,1.7490432,0.018835306,7.015008,71247,21.124054566101062,False,False,False,8.19521427154541
a15_wind_avg_extreme,Avg Extreme Wind,m/s,337279,9.278901e+28,3.9782236,inf,0.0,1.2297498e+33,0.0,0.0,0.0,9.59292,12.591589,1.1259825e+23,3.1335218,5.1834254,2.0499036,0.058666468,8.258281,71370,21.160522890544623,True,False,False,2.332423349533373e+30
b_1_land_percentage,Land Area,% of pixel,345377,91.4268,100.0,26.174006,0.0,100.0,0.0,0.0,0.0,100.0,100.0,100.0,99.93264,100.0,0.067359924,99.831604,100.10104,75811,21.950216719700503,False,False,False,-8.573196411132812
b_2_population_density,Population Density,people/km²,337098,127.91181,3.1526263,564.1191,0.0,23881.08,0.0,0.0,0.18790326,651.79364,2927.2622,6453.849,0.98869044,14.646572,13.657882,-19.49813,35.133392,59460,17.638787533595572,False,False,False,3957.309814453125
b_3_road_density,Road Density,km/km²,334595,3.9539974,0.15170267,9.393623,0.0,98.9899,0.0,0.0,0.0,22.033188,50.46097,68.22894,0.0,3.3965309,3.3965309,-5.094796,8.491327,38247,11.430834292204008,False,False,False,2506.41259765625
b_4_residential_area_ra,Residential Area,% coverage,341141,5.946396,0.0984852,18.355461,0.0,100.0,0.0,0.0,0.0,47.33992,97.138885,99.95648,0.0,1.4792452,1.4792452,-2.2188678,3.698113,56638,16.602519192943678,False,False,False,5937.857421875
b_5_agriculture_area_aa,Agricultural Area,% coverage,341141,5.1696463,0.0,17.611958,0.0,100.0,0.0,0.0,0.0,43.26435,93.668,99.29906,0.0,0.0,0.0,0.0,0.0,82993,24.32806376249117,False,False,False,0.0
b_6_natural_veg_naa,Natural Vegetation,% coverage,341141,76.25199,97.14897,36.787712,0.0,100.0,0.0,0.0,0.0,100.0,100.0,100.0,67.28619,99.86678,32.580597,18.41529,148.73767,57239,16.778692681325317,False,False,False,-21.510242462158203
b_7_wetlands_area_wa,Wetlands Area,% coverage,341141,1.7294872,0.0,6.393285,0.0,100.0,0.0,0.0,0.0,9.161953,31.4251,78.74174,0.0,0.42786247,0.42786247,-0.6417937,1.0696561,64867,19.014718254328855,False,False,False,0.0
b_8_water_bodies_wba,Water Bodies,% coverage,341141,8.198316,0.0,25.40756,0.0,100.0,0.0,0.0,0.0,99.07867,100.0,100.0,0.0,0.015432599,0.015432599,-0.023148898,0.038581498,80677,23.64916559428506,False,False,False,0.0
b_9_prj_lecz,Low Elevation Zone,% coverage,317541,2.3309643,0.0,13.190128,0.0,100.0,0.0,0.0,0.0,2.2719836,97.84879,100.0,0.0,0.0,0.0,0.0,0.0,21193,6.674098777795622,False,False,False,0.0
b_10_presence_of_power_plants,Proximity to Power Plants,proximity,334595,0.68505114,0.76370347,0.26046908,0.0,1.0,0.0,0.0,0.065462194,0.9635128,0.98519135,0.9958456,0.5705735,0.8810421,0.3104686,0.10487059,1.346745,19503,5.828837848742509,False,False,False,-10.29880428314209
b_11_presence_of_aerodromes,Proximity to Aerodromes,proximity,334595,0.26432082,0.12272861,0.3018447,0.0,1.0,0.0,0.0,0.0,0.8308205,0.9251328,0.976233,0.0,0.51877487,0.51877487,-0.7781623,1.2969372,0,0.0,False,False,False,115.37016296386719
b_12_presence_of_principal_port,Proximity to Principal Port,proximity,334595,0.0869929,0.0,0.2020185,0.0,0.9961827,0.0,0.0,0.0,0.6153167,0.8443682,0.9523174,0.0,0.0,0.0,0.0,0.0,74502,22.266321971338485,False,False,False,0.0
c_1_population_below_5,Population < 5 Years,%,344641,4.495902,4.1835084,3.185803,0.0,27.62021,0.0,0.0,0.0,10.864235,13.584117,13.83664,2.3010185,6.0195227,3.7185042,-3.276738,11.597279,15928,4.621620758992691,False,False,False,7.467265605926514
c_2_population_above_65,Population > 65 Years,%,344641,22.44316,21.89441,10.5505495,0.0,86.49681,0.0,0.0,0.0,40.731556,47.598255,63.703934,16.968327,29.395441,12.4271145,-1.6723442,48.03611,1853,0.5376609283283185,False,False,False,2.506347179412842
c_3_road_density_in_lecz,Road Density in LECZ,km/km²,2668,6.733866,3.2261674,10.956536,0.0,67.613205,0.0,0.0,0.0,34.384228,53.780437,63.587128,0.8306565,6.606702,5.7760453,-7.8334117,15.27077,292,10.944527736131935,False,False,False,108.72648620605469
c_4_power_plants_in_lecz,Power Plants in LECZ,count,2668,0.586051,0.8280767,0.4189693,0.0,0.99981767,0.0,0.0,0.0,0.9759211,0.9907974,0.9967687,0.0,0.917589,0.917589,-1.3763835,2.2939725,0,0.0,False,False,False,-29.227453231811523
c_5_aerodromes_in_lecz,Aerodromes in LECZ,count,2668,0.2460169,0.0,0.326721,0.0,0.99846953,0.0,0.0,0.0,0.8746694,0.9637638,0.9908796,0.0,0.5189426,0.5189426,-0.7784139,1.2973565,0,0.0,False,False,False,0.0
c_6_emergency_shelters_in_lecz,Shelters in LECZ,count,2668,0.36598635,0.3209995,0.3444684,0.0,0.99901074,0.0,0.0,0.0,0.9265863,0.96649,0.9913833,0.0,0.6862877,0.6862877,-1.0294316,1.7157192,0,0.0,False,False,False,14.014615058898926
c_7_pct_ra_in_lecz,Residential Area in LECZ,%,11835,12.844376,0.66381145,26.306942,0.0,100.0,0.0,0.0,0.0,88.90513,98.90303,99.98059,0.0,7.64128,7.64128,-11.46192,19.103199,2073,17.515842839036754,False,False,False,1834.943359375
c_8_pct_aa_in_lecz,Agricultural Area in LECZ,%,11835,23.77678,0.026760673,37.265903,0.0,100.0,0.0,0.0,0.0,97.53402,99.694595,100.0,0.0,44.542473,44.542473,-66.813705,111.35618,0,0.0,False,False,False,88749.703125
c_9_pct_nva_in_lecz,Natural Vegetation in LECZ,%,11835,6.8168893,0.0,17.217747,0.0,100.0,0.0,0.0,0.0,45.914593,92.254036,100.0,0.0,2.9039855,2.9039855,-4.355978,7.2599635,2239,18.918462188424165,False,False,False,0.0
c_10_pct_wa_in_lecz,Wetlands Area in LECZ,%,11835,19.195488,0.24109805,30.292786,0.0,99.96581,0.0,0.0,0.0,87.451225,96.954605,99.46719,0.0,30.98545,30.98545,-46.478176,77.46362,1130,9.547950992817913,False,False,False,7861.693359375
d_1_higher_education_percentage,Higher Education Population,%,324566,23.636518,21.124287,13.988692,0.0,87.35125,0.0,6.2937064,6.9144983,52.38095,67.97346,79.64999,13.897912,30.301983,16.404072,-10.708196,54.90809,11524,3.5505875538411296,False,False,False,11.892623901367188
d_2_median_family_income_rasters,Median Family Income,$,307759,93595.74,87202.0,35508.367,31510.0,249828.69,40231.0,45139.0,49032.0,164145.22,216515.0,245887.0,67604.0,108074.0,40470.0,6899.0,168779.0,13929,4.5259440016376455,False,False,False,7.3321051597595215
d_3_emergency_shelters,Proximity to Emergency Shelters,proximity,334595,0.30873847,0.16938354,0.33879864,0.0,1.0,0.0,0.0,0.0,0.91102105,0.96808577,0.9976324,0.0,0.61919355,0.61919355,-0.92879033,1.5479839,0,0.0,False,False,False,82.2718276977539
d_4_open_area,Open Area,% coverage,341141,2.6588933,0.43271366,5.5522847,0.0,85.23724,0.0,0.0,0.0,12.661881,28.53325,49.212105,0.0,2.8833318,2.8833318,-4.324998,7.2083297,34058,9.98355518685822,False,False,False,514.4694213867188
d_5_economically_active_population,Economically Active Population,%,344641,66.31437,70.1,18.977394,0.0,100.0,0.0,0.0,6.8759627,84.130875,88.5,100.0,63.3,76.9,13.600002,42.899994,97.3,32069,9.305044959827763,False,False,False,-5.400327205657959
d_6_pct_wba_in_lecz,Water Bodies in LECZ,%,11835,3.7879336,0.066034906,9.568463,0.0,100.0,0.0,0.0,0.0,21.46121,50.961643,84.37691,0.0,2.5850573,2.5850573,-3.877586,6.462643,1788,15.107731305449937,False,False,False,5636.259765625
d_7_pct_oa_in_lecz,Open Area in LECZ,%,11835,2.1462076,0.15644826,5.243317,0.0,76.0492,0.0,0.0,0.0,10.223207,26.12615,54.706207,0.0,1.9446838,1.9446838,-2.9170256,4.8617096,1490,12.589776087874945,False,False,False,1271.8321533203125
